-- MySQL dump 10.13  Distrib 5.6.36, for FreeBSD11.0 (amd64)
--
-- Host: localhost    Database: posgrad_inscricao
-- ------------------------------------------------------
-- Server version	5.6.36

/*!40101 SET @OLD_CHARACTER_SET_CLIENT=@@CHARACTER_SET_CLIENT */;
/*!40101 SET @OLD_CHARACTER_SET_RESULTS=@@CHARACTER_SET_RESULTS */;
/*!40101 SET @OLD_COLLATION_CONNECTION=@@COLLATION_CONNECTION */;
/*!40101 SET NAMES utf8 */;
/*!40103 SET @OLD_TIME_ZONE=@@TIME_ZONE */;
/*!40103 SET TIME_ZONE='+00:00' */;
/*!40014 SET @OLD_UNIQUE_CHECKS=@@UNIQUE_CHECKS, UNIQUE_CHECKS=0 */;
/*!40014 SET @OLD_FOREIGN_KEY_CHECKS=@@FOREIGN_KEY_CHECKS, FOREIGN_KEY_CHECKS=0 */;
/*!40101 SET @OLD_SQL_MODE=@@SQL_MODE, SQL_MODE='NO_AUTO_VALUE_ON_ZERO' */;
/*!40111 SET @OLD_SQL_NOTES=@@SQL_NOTES, SQL_NOTES=0 */;

--
-- Table structure for table `Documento`
--

DROP TABLE IF EXISTS `Documento`;
/*!40101 SET @saved_cs_client     = @@character_set_client */;
/*!40101 SET character_set_client = utf8 */;
CREATE TABLE `Documento` (
  `id` int(11) NOT NULL AUTO_INCREMENT,
  `nome` varchar(45) DEFAULT NULL,
  `descricao` varchar(55) NOT NULL,
  PRIMARY KEY (`id`)
) ENGINE=InnoDB AUTO_INCREMENT=11 DEFAULT CHARSET=utf8;
/*!40101 SET character_set_client = @saved_cs_client */;

--
-- Dumping data for table `Documento`
--

LOCK TABLES `Documento` WRITE;
/*!40000 ALTER TABLE `Documento` DISABLE KEYS */;
INSERT INTO `Documento` VALUES (1,'gre','GRE'),(2,'ficha-inscricao','Ficha de Inscrição'),(3,'historico-graduacao','Histórico escolar completo da graduação'),(4,'diploma-ou-certificado-graduacao','Diploma ou Certificado de conclusão da graduação'),(5,'carta-orientador','Carta do Orientador'),(6,'carta-interesse','Carta de Interesse'),(7,'curriculo','Currículo'),(8,'historico-mestrado','Histórico escolar completo do mestrado'),(9,'diploma-ou-certificado-mestrado','Diploma ou Certificado de conclusão da mestrado'),(10,'historico-escolar','Histórico escolar');
/*!40000 ALTER TABLE `Documento` ENABLE KEYS */;
UNLOCK TABLES;

--
-- Table structure for table `Documentos_programa`
--

DROP TABLE IF EXISTS `Documentos_programa`;
/*!40101 SET @saved_cs_client     = @@character_set_client */;
/*!40101 SET character_set_client = utf8 */;
CREATE TABLE `Documentos_programa` (
  `id_programa` int(11) NOT NULL,
  `id_nivel` int(11) NOT NULL,
  `id_documento` int(11) NOT NULL,
  KEY `fk_programa_documento` (`id_programa`),
  KEY `fk_nivel_documento` (`id_nivel`),
  KEY `fk_documento_programa` (`id_documento`),
  CONSTRAINT `fk_documento_programa` FOREIGN KEY (`id_documento`) REFERENCES `Documento` (`id`),
  CONSTRAINT `fk_nivel_documento` FOREIGN KEY (`id_nivel`) REFERENCES `nivel` (`id`),
  CONSTRAINT `fk_programa_documento` FOREIGN KEY (`id_programa`) REFERENCES `programa` (`id`)
) ENGINE=InnoDB DEFAULT CHARSET=utf8;
/*!40101 SET character_set_client = @saved_cs_client */;

--
-- Dumping data for table `Documentos_programa`
--

LOCK TABLES `Documentos_programa` WRITE;
/*!40000 ALTER TABLE `Documentos_programa` DISABLE KEYS */;
INSERT INTO `Documentos_programa` VALUES (1,5,2),(1,5,3),(2,1,1),(2,1,2),(2,1,3),(2,1,4),(2,1,7),(4,1,6),(4,1,2),(4,1,4),(1,1,2),(1,1,3),(1,1,4),(1,1,7),(1,2,2),(1,2,3),(1,2,4),(1,2,7),(1,2,8),(1,2,9),(2,2,1),(2,2,2),(2,2,3),(2,2,4),(2,2,7),(2,2,8),(2,2,9),(3,1,2),(3,1,3),(3,1,4),(3,1,7),(3,2,2),(3,2,3),(3,2,4),(3,2,7),(3,2,8),(3,2,9),(1,3,2),(1,3,5),(1,3,3),(2,3,2),(2,3,5),(2,3,3),(3,3,3),(3,3,5),(3,3,2),(2,4,2),(2,4,3),(1,4,2),(1,4,3),(4,1,10);
/*!40000 ALTER TABLE `Documentos_programa` ENABLE KEYS */;
UNLOCK TABLES;

--
-- Table structure for table `adm`
--

DROP TABLE IF EXISTS `adm`;
/*!40101 SET @saved_cs_client     = @@character_set_client */;
/*!40101 SET character_set_client = utf8 */;
CREATE TABLE `adm` (
  `login` varchar(30) NOT NULL,
  `senha` varchar(40) NOT NULL,
  `email` varchar(50) NOT NULL,
  PRIMARY KEY (`login`)
) ENGINE=InnoDB DEFAULT CHARSET=utf8;
/*!40101 SET character_set_client = @saved_cs_client */;

--
-- Dumping data for table `adm`
--

LOCK TABLES `adm` WRITE;
/*!40000 ALTER TABLE `adm` DISABLE KEYS */;
INSERT INTO `adm` VALUES ('administrador','cb553764674466f58f3e63ecab7fd3b2','webmaster@ime.unicamp.br'),('coord-estat','8c3fa5cc37253668ad790fb9118c0423','coordpgest@ime.unicamp.br'),('coord-mat','db4f7552ac7ac37d8a700a0b9529217b','coordpgmat@ime.unicamp.br'),('coord-mat-aplic','0025639a8f55f37da7d025b76b3452db','coordpgmap@ime.unicamp.br'),('coord-mest-prof','937d0ba57349a2878a0ed73a108d1e20','coordpgmprof@ime.unicamp.br'),('secpos','aea24c9d915cfceac7b4a2046e4ff3b1','teste4@email.com');
/*!40000 ALTER TABLE `adm` ENABLE KEYS */;
UNLOCK TABLES;

--
-- Table structure for table `adm_programa`
--

DROP TABLE IF EXISTS `adm_programa`;
/*!40101 SET @saved_cs_client     = @@character_set_client */;
/*!40101 SET character_set_client = utf8 */;
CREATE TABLE `adm_programa` (
  `login` varchar(30) NOT NULL,
  `id_programa` int(11) NOT NULL,
  KEY `fk_adm_programa` (`login`),
  KEY `fk_programa_adm` (`id_programa`),
  CONSTRAINT `fk_adm_programa` FOREIGN KEY (`login`) REFERENCES `adm` (`login`),
  CONSTRAINT `fk_programa_adm` FOREIGN KEY (`id_programa`) REFERENCES `programa` (`id`)
) ENGINE=InnoDB DEFAULT CHARSET=utf8;
/*!40101 SET character_set_client = @saved_cs_client */;

--
-- Dumping data for table `adm_programa`
--

LOCK TABLES `adm_programa` WRITE;
/*!40000 ALTER TABLE `adm_programa` DISABLE KEYS */;
INSERT INTO `adm_programa` VALUES ('coord-estat',3),('coord-mat',1),('coord-mat-aplic',2),('coord-mest-prof',4);
/*!40000 ALTER TABLE `adm_programa` ENABLE KEYS */;
UNLOCK TABLES;

--
-- Table structure for table `aluno`
--

DROP TABLE IF EXISTS `aluno`;
/*!40101 SET @saved_cs_client     = @@character_set_client */;
/*!40101 SET character_set_client = utf8 */;
CREATE TABLE `aluno` (
  `id` varchar(33) NOT NULL,
  `nome` varchar(60) DEFAULT NULL,
  `email` varchar(40) NOT NULL,
  `data` datetime DEFAULT NULL,
  PRIMARY KEY (`id`),
  UNIQUE KEY `unica` (`email`)
) ENGINE=InnoDB DEFAULT CHARSET=latin1;
/*!40101 SET character_set_client = @saved_cs_client */;

--
-- Dumping data for table `aluno`
--

LOCK TABLES `aluno` WRITE;
/*!40000 ALTER TABLE `aluno` DISABLE KEYS */;
INSERT INTO `aluno` VALUES ('000f71295e494e8c33ea31bb34b864ae','Ramilly Kelly Costa Seixas','ramilly_kelly@yahoo.com.br','2016-11-01 00:47:18'),('0029be5834c248bd91797ff5f3116b5e',NULL,'eribmaia@yahoo.com.br','2017-01-25 11:32:18'),('003f0462170e77d5838259a8a47f4bc1','Caroline Aparecida de Lara Campos','loracaral@gmail.com','2017-05-11 11:01:16'),('005acbacb279d393c20b831ee940a88e','Evandro Schoier','evandro14_@hotmail.com','2016-11-04 15:11:54'),('00b7e837c7616bf67b6d147f3eec5d81','Pammela Ramos da Conceição','Pammela.rc@hotmail.com','2016-10-14 14:24:26'),('00dab4febceabd963108d67ac637a5c1','Ettore Teixeira Turatti','e145954@dac.unicamp.br','2016-10-03 11:05:07'),('00f1d79152bd75bf5c4a16dbd584db83','Alvaro Enrique Machado Hernandez','alvaro_16841@hotmail.com','2017-05-08 15:32:43'),('0117a902b675cfb37bcd29cc5c48ece3','Marcos José da Silva Viana','marcos25viana@hotmail.com','2016-11-10 15:01:37'),('019edf96ec7b39da292541fd1edb6ff4','Bartholomeu Ferreira da Cruz Filho','cruzfilhobf@gmail.com','2016-11-17 17:14:38'),('01df58724a4d520be327bf69b3346dde','Laïs de Campos Sampaio Cardoso','lais.cardoso@usp.br','2016-11-12 17:35:31'),('01eb7f4870ff78ea7a8789077c8aa651','Mayer Palacios Arenas','julianpalacios9212@gmail.com','2017-05-09 13:33:36'),('022c2e4001c2854cccf32937a1281f76','Bruno Foltran Junior','nasaapollo17@yahoo.com.br','2016-10-03 10:04:57'),('02ade77cc5cc760c81e13b8791246d82','Xiomara Sulvey Quispe Chacon','xiomaraqchacon@gmail.com','2017-05-05 20:41:26'),('02cf87319ac19586cadbdfed39211d2f',NULL,'gabrielsantana7002@hotmail.com','2017-03-26 14:26:49'),('0304edd7c952dd5eb707bdb128199622',NULL,'danielzin250491@gmail.com','2016-08-30 13:27:29'),('0307a73facc60e6bcbfa0cb0a15da2d4',NULL,'cleandersonfidelis@gmail.com','2016-09-23 08:21:30'),('03234aff7d8458e4118672a734de769f','Meila del Valle Ramirez Mendoza','meilaramirez1@gmail.com','2016-10-31 14:16:04'),('03465e4d08b6b08d06143fd5bbeb8aaf','Robert Andres Galeano Anaya','galeanorobert@hotmail.com','2016-10-05 14:55:50'),('037b3492d4ecc5ea2c6ae90d73cd4e48','Ielon Clesio Perotti Barbosa','ielon.clesio@gmail.com','2016-09-27 15:58:01'),('0410f97a5288145f47b47bc6f201cfa5',NULL,'lourdes.pereira.justino@gmail.com','2016-08-02 01:19:50'),('048d880011b10c3baecbcae655e36dfc',NULL,'nascimento.b2007@yahoo.com.br','2016-11-27 22:07:05'),('04e17db6343f67ffe77f5e17782ec7bb','Isadora Maria Miranda Guedes','isadora.guedes@ufv.br','2016-11-09 22:33:30'),('04e896efe253730f64200b4938bebe76','Euripedes Carvalho da Silva','euripedescarvalho@hotmail.com','2016-10-19 21:45:12'),('04f10466b5fadefaf5465baf862e8360',NULL,'eng.brunaraphael@gmail.com','2017-03-28 13:59:28'),('04f1eaf4fcac49c2bd7d4bbd83b23c9e',NULL,'matemagico321@gmail.com','2016-09-08 18:09:42'),('051a3dbe0ce8c603f58d948fef080fc0','Rafael Correia dos Santos','rafacorreia@live.com','2016-09-28 14:17:28'),('05469d1242501b3393b70580b9d902ff','Adriana Leguizamón Mora','aleguizamonm@gmail.com','2017-03-25 17:10:15'),('05864c718a726b44894c824c93552941',NULL,'syguiselini@yahoo.com.br','2017-03-01 11:17:44'),('05d392905c732b753c215e1e2426b0d2',NULL,'lucianafideles2012@gmail.com','2016-08-15 11:59:20'),('05f421025c423b20cd53aa472368c99e',NULL,'arjhon2014@gmail.com','2017-04-12 17:53:44'),('05fc1c5712048abdec702de1bcdb5bd4',NULL,'rfftq96@gmail.com','2016-11-10 20:24:49'),('0623b8d24f3bfd9b879ddd89db23dc68','Carlos Fabian Alvarez Escorcia','fabmath92@gmail.com','2017-05-09 09:48:00'),('0692aafa0afc173c0e0903429f9552f1',NULL,'andrepossati@gmail.com','2017-02-18 19:15:20'),('06ca639de81ceaa9464598bffc9b52f5','Adauto Alves da Silva Junior','adauto_1000@hotmail.com','2016-11-12 12:40:16'),('0700cefb8f665ef7dfbbc60fd1ce17f4',NULL,'rcg_projetos@yahoo.com.br','2017-01-24 16:22:36'),('07614f39fd8e5c8256f2a9af6ddf28a4','Vicente Carlos Perez Alvarez','vicente9329@gmail.com','2017-04-28 16:15:43'),('078c7cefb768a62874e742ba67937c63','Marcus Thadeu Oliveira Campos','marcusest@hotmail.com','2016-11-01 00:01:42'),('07c9c5b0c9ce88f889e5ec6b8b9004d4','Francisco Lutyl Rodrigues de Sousa','franciscolutyl@hotmail.com','2016-10-04 14:14:29'),('07e179e82c908d4d6e1ac2fc31aa8bd3','WILLISTON SANTOS SOARES','williston.oficial@gmail.com','2016-10-31 18:15:34'),('082c5caa783b7438f2b7bdc4691a5b1b','Darwin Gregorio Villar Salinas','darwinvillar@gmail.com','2016-10-05 11:28:29'),('0849f6b27951c54d45e48581ec27cc0d','João socorro pinheiro ferreira','joaoferreira@unifap.br','2017-05-29 09:49:35'),('086265bf33f718855e89f4358ccf1eef','Brian David Grajales Triana','briang3147@gmail.com','2016-09-23 15:46:48'),('087d47a227ed6d69f82a832ee712db6e','Sérgio Luís Mendes','mendes.unicamp@gmail.com','2016-10-31 23:59:46'),('0891862c1475d0d37b4170cbea257458',NULL,'karynasilva12.ks@gmail.com','2016-08-05 11:55:38'),('08b29fa57d78a0b037b8f562d0ba7e92','Leonardo Briceño','leonardobriceno463@gmail.com','2016-10-31 14:16:51'),('08c0f1d2711555d9a5d3a78422f46f21','Gabriel Luiz Martinez','gabrielm1694@gmail.com','2016-10-04 14:16:54'),('08ccd8b478294cfc251b35392843561e','Raul Kazan da Cunha Araújo','raulkkazan.1@gmail.com','2016-10-03 13:57:56'),('08fb51aced5bcbe6e442b042a70a7930','Henrique Aparecido Laureano','henriquelaureano@outlook.com','2016-10-31 14:19:20'),('096c25676a13644f6bfedb2203ac3923','Víctor Antonio Blanco Viloria','vblancocc@gmail.com','2017-04-28 16:16:29'),('09755102b0df9b6aa5f6e6cf25d9ac68','Daniel Ferreira Machado','daniellmath@gmail.com','2016-11-07 17:55:57'),('09dc351a539ca436e8dc7eb4b0cbfa8f','Leonardo Kenji kashimoto','l.k.kashimoto@gmail.com','2016-11-14 14:46:08'),('0a411a73cb7233bb9e1e41d6a19bb2fd','Diego Guimarães Nunes','diegonunesmat@gmail.com','2016-10-31 17:40:22'),('0a8ea9524659721367d9f29c45d6402d','Maiara Aparecida Coimbra Valentim','maicoimbra@hotmail.com','2017-05-04 15:25:37'),('0ad4b89eee4ae59a6cbea4b50db7b06e','Heric Corrêa da Silva','hericsilva.ufmg@gmail.com','2016-10-22 23:43:00'),('0af0be0b518b5802c2af4dae94e62a46','Virgílio Favacho Braga','virgiliofavacho@gmail.com','2016-11-01 09:05:57'),('0afab398accb5e989498d573f797fa62','bruno rocha dos santos','rochabs21@gmail.com','2016-11-16 00:04:32'),('0b262ac55a9de6fc5d212908f55216f9','José Humberto Pereira Pinto ','humbertotst@yahoo.com.br','2016-08-24 11:48:51'),('0b64d4ce15933b5c69cc116364040ea8',NULL,'mariafernandacastilhos@gmail.com','2016-08-02 10:03:22'),('0c2f337021a45d55e223348a91100863','Guilherme de Oliveira Macedo','guilherme-macedo@outlook.com','2016-10-18 09:12:32'),('0c44468d8f4cb34f7d76f5ccdfd63d8d','Jean Coppieters Souza','jean.coppieters@hotmail.com','2016-10-21 19:33:42'),('0c61f11eeb940c9d76fd2d786eb89bd5','Pedro Esperidião dos Santos Neto','pedroxesp@gmail.com','2017-05-17 15:03:38'),('0ccbbf9bb02db778303efccec5d2ca23','Guilherme dos Santos Martins Dias','guimsd@gmail.com','2016-10-03 14:53:46'),('0d4e36a12cd0fed59f0b0398d240a74a','Marizete Nink de Carvalho','marizete@unir.br','2017-04-22 22:09:20'),('0d7162caca1d7271f94a68424dfcae52',NULL,'paco_villalobos_v@hotmail.com','2016-09-19 03:12:44'),('0da0bbfc23486e7ccf9314b7ade90748','EVERTON MARCELINO BATISTA','everton.marcelino.batista@gmail.com','2016-09-14 21:13:34'),('0dfc5092d7409316ba7bf6cc7bdb3915',NULL,'ariquele@hotmail.com','2016-09-26 12:55:15'),('0e47cd76e729508aab0700f47ebfd839',NULL,'maurilio@professor.sp.gov.br','2016-10-06 11:53:57'),('0e52bf287d4b626a44e0f24731f7f820','Pedro Rodrigues da Silva','pedrobvlc@hotmail.com','2016-11-29 18:49:27'),('0ebf49e4d2b291ab6bda70bb169c98df',NULL,'ederguns@ig.com.br','2016-09-21 01:00:04'),('0f73d348d4977c6ded4fdabe615e8975','AYANE ADELINA DA SILVA','ayaneadelina@gmail.com','2016-10-14 14:05:33'),('10026b7e43908f3b64a5dcdf5fed573b','Francisco Bruno Gomes da Silva','franciscobrunogs@yahoo.com.br','2016-11-15 20:59:48'),('101a9ff5842f2440d671314dbb2c2bcf','Alexandre Barbosa Andrade','barbosa1003@gmail.com','2016-10-03 22:35:07'),('10231640215f7e9e7296da4e911aa00e','Danilo Gilberto de Oliveira Valadares','dgovaladares@gmail.com','2016-10-24 08:41:18'),('105ec557cf105a067542455c00328612','Ricardo Francisco de Andrade','ricardomatematica2016@gmail.com','2017-05-10 16:45:22'),('107a27ddfbbceb67f8980bf47c4b12b5','José Iraponil Costa Lima','iraponil@dme.ufcg.edu.br','2016-10-31 14:21:56'),('1093916a09877f84f78522a5f5415ebb','Makson Miller Alves Ribeiro','maksontcmat@hotmail.com','2016-09-27 14:44:07'),('10edde2257c6c7e5326edf8511b20569',NULL,'bruna_spavlack@hotmail.com','2016-09-17 18:59:38'),('10fbcaeb681acdc12c6ff0e1d5c47614','Carlos Eduardo de Morais Ferreira','carlos_emf88@hotmail.com','2016-10-04 15:36:57'),('10fc3d3ba7d3bf0be2fdda0cc6cabd17','Hercílio da Silva Freitas Júnior','hercilio.s.junior@gmail.com','2016-10-18 09:21:47'),('1129764c9fd265dafa1a846cdec5dcee','Livia Maria Pierini','liviam.pierini@gmail.com','2016-10-14 14:25:22'),('113081d70145d954de76c8488128c7db','Marcio Pedro Dos Santos Sousa','marcio5858@hotmail.com','2017-05-16 08:51:10'),('12145dea7db3dbdda35c59594961fcef',NULL,'Andreacquinterob@gmail.com','2017-03-07 17:43:44'),('12150d5f6e809069eb5bdee4a37b878a','Tatiane Gomes Feminino Feitosa','anefeitosa@hotmail.com','2016-11-09 21:35:35'),('1251c3a3d2eb4543f23355ab8250879e','Hernán Roberto Agamez Urueta','agamezhernan@hotmail.com','2016-11-14 18:29:48'),('130c4baa013d54afb074e7019ee5bdf4','GUILHERME LUIS DOS SANTOS MOREIRA','guiluis.santos@gmail.com','2016-10-03 11:30:38'),('13301a34d4631302236c1e268e561568',NULL,'ettoreteixeiraturatti@hotmail.com','2016-08-22 14:48:58'),('14298373030eadfe25216b01ee993888',NULL,'felipe.rd18@gmail.com','2016-09-24 19:47:57'),('14b745358d8ba7515c07a0a43fe1932b','Allan Moraes Ferraz de Araujo','araujoamf@gmail.com','2016-10-27 22:29:46'),('150ab1f08c94bb9bd2170e48eb879c30','Yhon Williams Lupaca Quispe','johnkelvin20ci@gmail.com','2016-11-04 10:29:50'),('151f9550cf771f36e04f3e09f48922d0',NULL,'biel.s.ifba@gmail.com','2017-03-26 14:27:05'),('15700a1969a8a2fffeca08324157b511',NULL,'123734@ime.unicamp.br','2017-04-03 11:50:13'),('15bfa88c62fd3bc961bafb7cd18fd706','Melany Dayana Mejía Caviedes','melany.mejia@saber.uis.edu.co','2017-05-09 13:37:51'),('1623fee98a75df13e7b49c198a6f3929','Felipe Felix Souto','felipe_felix_souto@hotmail.com','2016-10-06 11:28:29'),('163bb23af8453799e3614d73f9f8a012',NULL,'lealdecastro@gmail.com','2017-03-18 13:22:28'),('16c1b9056f83e4008577677013bc37a4','Rodney Vasconcelos Fonseca','rodneyfv@gmail.com','2016-10-18 10:03:47'),('16c5b910a96716a224d974b02be53b1c','Willian Goulart Gomes Velasco','willianvelasco@gmail.com','2016-10-10 14:30:23'),('17a4b1691b70feec5b88c0f64338368c','Evandro Felipe Rosa de Paula','evandrofelipe88@hotmail.com','2017-05-09 10:01:47'),('17d67610afac44d72c20195cb07c82f3','Lucas Garcia Gomes','lucasgarciagomes.lgg@gmail.com','2016-10-04 17:00:09'),('18926e6d3ad8430a128a7eca0403a9df','Anderson Antonio Araujo dos Santos','ander.santos1987@gmail.com','2016-11-02 19:31:55'),('18a1bf8a60798c5ee36f11536e55db6f','Anderson Soares da Costa Azevêdo','anderson4r2@hotmail.com','2016-10-20 10:30:46'),('18a706fe86c0196f5f3afe9d0cbbdec1','Gustavo Henrique Tasca','tasca_gustavo@hotmail.com','2016-10-18 09:16:03'),('18c07fb4d2caf6c31b3dd6b9eceef7c6','Clayton Cristiano da Silva','ccris22@gmail.com','2016-10-03 15:42:00'),('18ce6353e5d5571e7d39b1283b3669f9','Isabella Nayara Pinto','isabellanayara@hotmail.com','2016-10-31 12:53:46'),('193b054a9c5a0e7093180f63be4d7ac6',NULL,'adriane.silvestre@itau-unibanco.com.br','2016-10-24 09:26:20'),('199b5c80bddd3f662a1c9d1eeefbec40','Ana Karolline de sena marques','anakarolline18@hotmail.com','2016-10-20 17:16:22'),('19d2c9e35df51934c3876ecd72b7a75e',NULL,'chriscort05@hotmail.com','2017-03-31 00:21:31'),('19e045da9bb9d0ce4671b0bbdb254e53','Rafael Magalhães do Nascimento','rafael_magalhaes@live.com','2016-11-17 12:23:43'),('1a0929054544425a0daf3042a4b3c6db',NULL,'lais.santiago.c@bol.com.br','2016-09-19 08:34:17'),('1a39c36832d47cfbd6382e0f6ef843bf','Francisco Felipe de Queiroz','franci_sco12@hotmail.com','2016-10-24 09:25:59'),('1a453b173e37cb6f3cd513ff93039a1a','Dionizio Santana Oliveira','dionziosantana@gmail.com','2016-11-14 16:24:35'),('1a5cf646e795f0f786b77594667743c7','Alexandre Henrique Quadros Gramosa','alexandre.gramosa@hotmail.com','2016-10-18 08:40:57'),('1a97ec209bbe2b826825b9b927877db9','Paulo César de Oliveira Rodrigues','paulocorodrigues@hotmail.com','2016-11-04 16:58:41'),('1b3f674f44e5daba3fd4cabe9e977ddd','Saris Fernando Monteiro','sarisprofessor@gmail.com','2016-10-09 20:24:31'),('1b63849eed16decfe1358ee0d13adc0e','Diego pereira de freitas','Diego.pr.axl@hotmail.com','2016-10-31 18:16:01'),('1b69a7159b2c97047f7b0f23e858f77d','LUIZ RICARDO RIBEIRO DOS SANTOS','profluizricardo26@gmail.com','2016-11-02 21:55:13'),('1becc9bb351f9a80503fad0204d96a68','Felipe Alves Rubio','felipearubio@gmail.com','2016-09-30 16:51:19'),('1c0d61c6edf88c735600ed3fb3325e45','Fernando Henrique Simões','simoes.37@hotmail.com','2016-10-25 08:38:59'),('1cb01be80f0ddc7d07472defc6e0fb90','Enrique Fernando López Agila','enfelope@espol.edu.ec','2016-10-24 02:52:01'),('1d37ba339b60a9a080f63ddc1f96c350',NULL,'juniorpinheiroab@hotmail.com','2016-10-31 09:37:11'),('1dcebbb8eec16adf70d61fea2cd28186','Gleiciano Cosmo Santos','professorgleisonmat@gmail.com','2016-09-12 21:54:50'),('1eb2dbc27912ab90922398061eba940b','Paulo Roberto Andrade Filho','p.andrade.fh@gmail.com','2016-12-19 11:20:18'),('1f46cdd6be9a3e32e706ad674af5d489','Kevin de Lima Alves','lima.kevin.fis@gmail.com','2016-09-22 22:29:40'),('1f846eacd45972f9798385eb5f5b3d47','José Cristiano Alves da Silva','jcastronomo@hotmail.com','2017-01-06 16:09:33'),('202a7d977520f7355038de71f43ca703','Naísa Camila Garcia','naisacamila@hotmail.com','2016-10-19 11:41:45'),('203a8efb507e4182d8777ea0f10cb031','Jean Carlos Aparecido Medeiros','JeanCarlos1618@gmail.com','2016-10-31 20:01:02'),('204817d3ea31c29e2013896e7d00ffb6','Caroline Aparecida de Lara Campos','carolaracampos@hotmail.com','2016-10-04 15:52:27'),('20c3f0239f49849a4bd34e1abde7ea57',NULL,'minhamae_af@hotmail.com','2016-08-02 01:26:38'),('21728f6dd1bb35d79fc0dfa2cb3fe8c9',NULL,'dbaoliveira@yahoo.com','2017-04-16 10:22:52'),('2258c11a52b42f1a740445ba307de14e','RAFAEL OLIVEIRA SILVA','rafaeloliv3ira@hotmail.com','2016-10-24 11:13:08'),('2297d70c8419acaf74e078853d992c84','Gabriela Lopes Theodoro','gbi_theodoro@yahoo.com.br','2016-10-06 11:30:21'),('232ca198c6de3b30f1a52d9feb4bfdbc','José María Naranjo Martínez','naranjose29@gmail.com','2016-10-05 09:57:24'),('233b6f0ee24159021b2e3f62e190a376','Paulo Henrique Cunha Gomes','paulo.gomes@ifgoiano.edu.br','2016-10-31 21:01:47'),('23e47d2439cd9a1e1b45f25a738a0136','Jenifer Viafara Chanchi','jennifer.viafara@hotmail.com','2017-05-08 15:52:00'),('23f496e551f51454b0e20210d0fc205d',NULL,'thiago.estat@gmail.com','2016-09-27 15:02:22'),('240075ba8c20272114bda764c03454e9','Thaylon Souza de Oliveira','th_souza_12@hotmail.com','2016-10-14 17:09:04'),('2415ca778cf9a3493abc97e5e1becda0',NULL,'a_linemo@hotmail.com','2017-04-07 08:31:54'),('2417685caac9f779beccbafea04b2151','Sabrina Ferreira Marciano Faria','sabrinaferreira123@hotmail.com','2017-05-29 09:48:04'),('245b7ecc99795b99d384d0e2ee8368c7','Thiago Felipe da Silva','t-felipe@hotmail.com','2016-10-05 11:25:11'),('24b42eb99104eaa1859d89d46b94a50f','Carlos Luide Bião dos Reis','clbreis@uesc.br','2016-09-27 22:54:45'),('24c7b99486a325d9022abdd04705b328',NULL,'roberta_verderi@hotmail.com','2016-08-22 21:37:05'),('24d6bdf6a4cffff8722609ac4f4d3911','Naamã Galdino da Silva Neris','naamagaldino@hotmail.com','2017-05-09 13:39:51'),('2540f79d79e25bbccb99d2ba1b19ff93',NULL,'adrimarks@uol.com.br','2016-10-13 17:29:08'),('255444f11de9a9538fd68b47804585ca',NULL,'evehmano@gmail.com','2017-03-20 13:25:59'),('2578c74f84021d408acc8d3b836f606d','Júlio César Magalhães Marques','julio.marques@ufv.br','2017-04-28 16:11:19'),('2583d60ee8ba23bb8d17a7eb0e94ef69','JOAO PAULO ROMEO BUZATO','jp.buzato@uol.com.br','2016-10-27 13:17:08'),('2683fae5bd02aca8d8c05a539058f0bc',NULL,'gomescardim.mattos@gmail.com','2017-05-12 09:14:59'),('26f1c9a18cef0d72d66f4b39711433ce',NULL,'alinecarla.carla@gmail.com','2016-07-29 16:39:01'),('27a18753c8ced02efa86b76fae9924e9',NULL,'marcoseteixeira@hotmail.com','2016-10-27 15:30:09'),('27bcc213244267996abf899479bf3f0d','Javier Esneider Méndez Alfonso','jsmendeza@ut.edu.co','2017-05-22 10:22:12'),('28375acff9f041a9016af722f9f24054',NULL,'felipeb@mat.ufcg.edu.br','2017-03-29 14:58:40'),('288d3b6165e77fb8f1e895039e9a85b9',NULL,'marlon_nakanxakari@hktmail.com','2017-03-23 20:00:49'),('291fce38edda488f2e1e34f59e7c4970',NULL,'isamarapaixao24@gmail.com','2016-09-03 12:26:24'),('29776018d6f19268ae97b8688136a274','Diana Carolina Torres Valencia','dicato98@gmail.com','2016-11-07 16:57:50'),('29b0acdc29c5746117cc3cbfabf22f06','Carlos Miguel de Faria','carlos.mcf@hotmail.com','2016-10-18 10:18:26'),('29b84becab3deacaeb54c48e1698694a','Cristiane Morano dos Santos','cristiane.morano@gmail.com','2017-05-05 11:21:45'),('29c115234ffed4498fdc4939897a5cd3','Liliane Silva Nascimento Coelho','lililsn@yahoo.com.br','2016-11-07 20:35:54'),('2a856fb8f28657a7e1ab2cb8415ebe45','Andrea Bauchwitz Furlan de Alcantara','andrea.alcantara@outlook.com.br','2017-04-28 16:06:29'),('2a8f6de508a76fef511298b208542ee3','HUGLE RAFAEL CAVALCANTE SILVA','hugle-rafael@hotmail.com','2016-10-07 10:13:07'),('2ab59cd6e2b90232d5e6d6705145894c','GEISLA APARECIDA MAIA GOMES','geislamg@gmail.com','2017-04-29 16:09:21'),('2abae84615b689396aefe53fb67e4392',NULL,'rodolfo.manin@gmail.com','2017-04-03 16:40:20'),('2afe9f6ed2cf2fefc01a17098fe5ae4c','Vinícius Pimenta','pimenta84@hotmail.com','2016-11-01 00:14:20'),('2bda5108f63fab2052c91644a22db8f3',NULL,'pryscyladelima@gmail.com','2017-05-01 16:09:13'),('2beb0a3c065768f0d8139d7dc2b41765','Guilherme Michel Lima de Carvalho','miichel.93@hotmail.com','2016-10-22 18:40:13'),('2c8d8666f2d4a975cbc103e521b00aae','Rafael Araujo da Silva','raraujo.silva@yahoo.com.br','2016-10-24 11:09:29'),('2daf9aef272bc53f950e886a64b0ce35','Anderson Antônio Aparecido da Silva','andersonantsilva1@gmail.com','2016-11-11 08:51:11'),('2e1b7bf3df632af83fc4e65b82d02b10','Domingos Delgado Filho','domingos.eing@gmail.com','2016-11-07 19:56:55'),('2e449f57df453cf1fd2f766d2cc04b27','Paulo Henrique Cunha Gomes','cunhaegomes@gmail.com','2016-08-17 16:00:13'),('2e458337f28dd008ded8da0a10e586ed','Matheus','msomatheus@hotmail.com','2016-08-02 18:51:40'),('2e97f69a20766e5e5d72fed697526b39','Sandy Elen Macedo Braga','sandymbraga@gmail.com','2016-11-04 13:38:58'),('2ed327903bcb0cc499426b42679a0ac0',NULL,'Cavargaso@ut.edu.com','2016-09-28 08:51:38'),('2f36e9780915e9d74b05e16577a818dd',NULL,'davisantanadeoliveira@gmail.com','2017-04-06 02:29:33'),('2f8b9bae53daf6a4727ed3339d483d35','Eduardo Lucas Ensslin dos Santos','eduardoizzy@hotmail.com','2016-10-24 09:24:02'),('2fd484038cf8f270d61d8bd1027c9fa4','Anderson dos Santos Gonzaga','andersongonzaga25@yahoo.com.br','2016-10-03 15:37:48'),('3071668beebbdd8c0acd46adf79ee620',NULL,'tkarina_tk@hotmail.com','2017-04-24 17:24:15'),('308a71b4abfc25fa56e5f0ee2870a1bf','João Marcos Ribeiro do Carmo','joao.mr2@hotmail.com','2017-03-30 16:01:02'),('314d39f4e84e4b70bf21f1cf657d00c9','Adriene de Freitas Silva','adrifreitas07@hotmail.com','2016-10-28 17:13:31'),('31ac05f806b6aef9ff821c89350e9c16','Kévin Allan Sales Rodrigues','kevin.asr@outlook.com','2016-10-24 09:58:20'),('31ac3dda6f97bef5bee2f5d16eb92a59','HERLISVALDO COSTA SANTOS','herlisv@gmail.com','2016-10-10 14:29:10'),('3233f654b9b4439f4ed3c48008fd488e',NULL,'francislarreal@hotmail.com','2016-09-13 10:51:22'),('32423aed98603371ccd8c06b91f8d8cb','Suelen Cristina Gasparetto','suelengasparetto@hotmail.com','2016-10-24 11:21:19'),('324c2ab5fb8e4facc6fb96c488ca8281','Telma Tompson','telmathompson@gmail.com','2016-10-24 11:25:07'),('329f37ef77c4b534a86afd9f37166a79',NULL,'r04assis@gmail.com.br','2016-09-29 21:28:36'),('332097b396337917a35603299f816e10','Ulisses Faust Machado','ulissesfaust@gmail.com','2016-11-14 22:16:02'),('338ab6c6b801b28f7b65ef07af9d26bb','Bruno Vasconcelos Mendes Vieira','bruno_vmv@ufpi.edu.br','2016-09-13 10:47:40'),('33dc6c26ae300f38a30689394b242d66',NULL,'luana.maia@vale.com','2016-08-16 12:35:17'),('33fa8ed58f11b9fe9807484d733af57a',NULL,'walmir.reis.miranda.filho@gmail.com','2016-10-04 01:13:48'),('3476479dd873d45235d27444ff0d6bce','Ana Livia Rodero','analivia.alr@gmail.com','2016-10-03 13:38:26'),('34ad99c945721661c3ace64500a1cdec','Erimatenes Batista Maia','eribmaia17@yahoo.com','2017-03-09 19:58:17'),('3510426d76557f28f30ec3e847dbee42','Gustavo David Quintero Alvarez','gustavoquintero9105@gmail.com','2016-10-04 15:07:09'),('352dca7aafff196a7183768f635d1812','Thais castelo branco monho','thaidi9@gmail.com','2016-11-04 13:42:15'),('3533a9a10973d034d35674649e6ccaa7','Paco Villalobos Villegas','p.villalobos.06@gmail.com','2016-12-02 11:59:08'),('354ec6690dfaf173401b75ce66786254','Mário Cesar Soares Teixeira','cesar_sote@hotmail.com','2016-10-31 20:32:36'),('3584957c4a9d7f1f6fa9e8315358dd7a','Hernilson dos Santos da Silva','hernilson@gmail.com','2016-10-26 16:09:33'),('359d4be4b324c1b5b38d1458287a4a84',NULL,'joao_1260@yahoo.com','2017-03-30 16:32:58'),('35e934f350d6a5688e31ec4e33306a42',NULL,'douglas.enison@ifrr.eu.br','2016-10-31 18:50:41'),('3634486dccc879c3d81fbf89988a2961','Vitor Barroso Silveira','vitor.barroso.s@gmail.com','2016-10-04 15:02:47'),('36da661d23d12c43f7e315171dce0cca','Nathalia Rodrigues Damasceno','nathaliadamascenoufg2@gmail.com','2016-10-24 10:15:46'),('36f04a217ab2d1d85db55e59ce033b50','Victor Huanca Sullca','vichuancas@gmail.com','2016-10-19 11:36:24'),('3708e93ef1809f6bd31e7dc2a0884efc','Numiá Freitas Gomes','numiafgomes@yahoo.com.br','2016-10-24 10:51:33'),('378d2641dbbc8a427bfc3ea5977f6199','Vitor Pereira Bezzan','vbezzan@outlook.com','2016-10-17 22:05:27'),('3819f0abe313430672887deafc35c6f7','RONALDO DA SILVA CORREA','ronaldoscorrea@hotmail.com','2016-10-31 16:16:18'),('38cb21ecca6a46d71a0bd9348dd21239','Kesse Tonon','kessetonon@gmail.com','2016-10-19 11:35:15'),('398ae97e7167198e1786ed293a517651','Alfredo Vitorino','alfredo_vitorino@hotmail.com','2016-10-31 15:27:37'),('39e55bef6d0e2cbc6697843b7e8e8fe4','Pedro Bonilha Contine','pedro.contine@gmail.com','2016-10-28 18:10:07'),('3a14989b80f0d94ce3ff0f10397e931c','RAFAEL OLIVEIRA SILVA','rafaeloliv3ira@gmail.com','2016-09-11 16:59:37'),('3a3f7ed0e6f1bb22dd74dda457939224',NULL,'coord-stat@ime.unicamp.br','2016-11-16 15:27:56'),('3a4c1573655212a4d856640c954b6394','Sarah Faria Monteiro Mazzini','sarahfmazzini@gmail.com','2016-10-10 14:31:44'),('3a74c5927296434b8aec675a61592a45',NULL,'gabriel.hamian@gmail.com','2016-10-10 10:53:55'),('3a8e599607b36002540ed59ee9796ab4','Rafael Figueiredo de Paula','rafaelfig21@outlook.com','2017-05-08 16:29:42'),('3afab524fa36a6a0be375c48d9f79aa7','JOSIEL ROCHA DE CARVALHO','jsl.rocha@hotmail.com','2017-01-16 19:59:31'),('3b59a534efc32f74f4502ba2712fae09','Caio Augusto Bulian Barcellos','caiobarcellos5@gmail.com','2017-06-07 15:02:12'),('3bf526008b8eda3f4dc22dff0237389e','Douglas Manoel Guimarães','dmguimaraes@gmail.com','2017-05-25 09:33:49'),('3cbb1e988825457d29c4bb8f6227c4f5',NULL,'scosta.richard@gmail.com','2017-04-27 12:36:37'),('3cda3a72f78287aa9af934d5c1709bc7','Everton Rufino Constantino','everton.constantino@mykolab.com','2017-04-28 16:07:35'),('3cdcd0fea21403ff9e9f15a6f5499d04','Luana Engeler Felippi','luana_felippi@hotmail.com','2016-09-26 16:26:12'),('3d5953cba6e050b6ee365816b2bbf20f','Amaury de Souza Amaral','amaury.s.amaral@gmail.com','2016-10-18 08:41:53'),('3dc1fe769f508a939e52ec75d36347ea','Brendon de Jesus Rodrigues','brendondejesus@hotmail.com','2016-08-01 17:33:48'),('3dd2eb4b6267923b335ea2ade496e302',NULL,'mtmdias@hotmail.com','2016-10-18 04:08:00'),('3df64793c2dfa323b7c8eebd05f10df1',NULL,'sancriscm@gmail.com','2016-11-22 10:01:12'),('3e209747e257b62265b908e270f86c8f','REGINA MARTA BARTHOLOMEU REIS DA SILVA RODRIGUES','reginabartholomeu@yahoo.com.br','2016-09-21 19:42:54'),('3e3a5494f506e38bc40fe5145c795b2f','Matheus Santos de Oliveira','st.matheus.13@gmail.com','2016-07-29 13:28:01'),('3e5085bc9eb1c902fa4f73def8f9595c',NULL,'erikrm29@gmail.com','2016-09-27 11:32:30'),('3eb56cd28ab70880fd55d0f98fa3b212','Miqueias de Melo Lobo','miqueiaslobo.am@gmail.com','2016-10-05 14:54:11'),('3f515e90773b9e397f75efb3072f22d2','Blas Melendez Caraballo','blas_ky@hotmail.com','2016-11-12 19:26:09'),('3f9789ab97ee20697844ca232482f718',NULL,'vinicius.azevedo@ufv.br','2016-11-07 21:11:55'),('3fa57a6933d54468ee45e3d4c9291e25',NULL,'g140652@dac.unicamp.br','2016-10-22 18:15:34'),('4010aa8b8c2c8490b203021a76cc6682','Reinaldo Ferreira','reinaldo.ferreira@sp.senai.br','2016-12-03 14:14:09'),('4023e78531c5ad4990b8197a79a720db','Chiang Kai-Shek dos Santos Macedo','chiang.mat@gmail.com','2016-10-21 23:45:07'),('415239ae0a65623eccd31ab931a4e812','Danilo Rodrigo Alves','alvesdanilo1989@gmail.com','2017-02-01 19:39:45'),('41ec59746719bdb719f416bc0bc12ace','Marieide da Rocha Silva Santos','marieidematematica@gmail.com','2016-08-22 14:05:43'),('41f28945c93ebd950ccf2c548add4173','Ana Lucia de Godoi Campos','anna_campos2012@hotmail.com','2016-09-10 13:50:39'),('423a7bf33e3029c445a8b601bb8c05b2',NULL,'adrimarks@ifsp.edu.br','2016-10-13 17:10:32'),('4262cafb8f7f1da608539a7493aac72a','Beatriz Pereira','bpereira.94@hotmail.com','2016-11-10 19:43:47'),('42fd769934ae6d3703fa3f86b499e195','CINDY MARGARITA CARRIAZO ALVAREZ','cindycarriazo@gmail.com','2016-10-21 11:46:06'),('4346859ee47011a88b0a63d2f8b12b8c','Diego Alves da Costa','diegokarate13@hotmail.com','2016-10-03 11:26:40'),('435da145257bac635871839934f5fdbd','Tiago Martinelli','tiago.martinelli@usp.br','2016-10-10 14:55:25'),('43c5b3f90f179208847c076a7be98a54',NULL,'diogo.novais@live.com','2017-03-07 15:39:37'),('43f317ce58ee7781d6e120a2870c5cd5','Weverthon Lobo de Oliveira','weverthonlobo@gmail.com','2016-09-27 11:44:35'),('44007bca3cc8745d645ec2e131957a71','Ananda Paola Rivas Marquina','aprm02@gmail.com','2016-10-21 11:12:51'),('440611b9ed652c553fd4192e2a543e9d','Maycon Pires Guimarães','maycon_miolo@hotmail.com','2017-01-25 22:34:13'),('4491b4c0bcd2a0a90ba3b03505c520dc','Irving Joseph Ramírez Barreto','irving.ramirezbarreto@gmail.com','2017-05-12 10:05:29'),('449eeaf651f733de503b5ef390fb2bf9','Juan Carlos Ortiz Chata','hacermate@outlook.com','2016-10-03 14:48:32'),('44a8f905d14ef6f414db098efb782dac',NULL,'vinicius.ramos@ufv.br','2016-11-08 20:16:09'),('457f0035f76ed40617e9a1f3d26dc742',NULL,'caiosimplicioarantes@gmail.com','2016-08-23 19:55:54'),('45d4ed5c153e1a9704b50d4e1f7e37bb','FRANCISCO JOSE DOS SANTOS NASCIMENTO','dedesantos04@gmail.com','2016-09-30 12:08:29'),('45e41accaaaa1f7164d8eda5d8ac1dfc','JENNY PATRICIA ACEVEDO RINCON','j154211@g.unicamp.br','2016-11-27 19:53:42'),('4611504eb00e88089bd69f4cd8997ce0','Karina Branco da Cruz','karinabrancocruz@gmail.com','2017-05-09 11:11:21'),('46684682f0188817e33b90e70ca3c294',NULL,'ejosgoncalves@gmail.com','2017-05-01 19:27:37'),('4672fd0e23a7a71e71b2f598c05cb15d','Gabrielly','gaby.baratela@gmail.com','2016-07-29 13:16:30'),('46d2086e4ea73382a1568867296ae4cf','Rosemilson de Barros Ribeiro','nilson.ribeiro88@hotmail.com','2016-11-29 21:35:27'),('46ef0b134e372527a0516bf59bfcf300','Victor do Valle Pretti','vvpretti@gmail.com','2016-10-14 14:22:16'),('46f7d66f5aeb33badc615f38c10c6d00','Liliane de Azevedo Oliveira','lilianeazevedoliveira@hotmail.com','2016-09-28 18:38:00'),('471573b717d90fafa0e26a7b4e9e485e','Felippe Augusto Tossini Cabral','tossinifelippe@gmail.com','2016-08-18 21:12:40'),('47312a03a2aaddcdb3ceefa06122c774','Willian Peterson Lopes','willianpeterson.ufabc@gmail.com','2016-10-27 15:16:34'),('47654da201b83437ca77ad3b24aad1d8','Daniel Delfino Souza','danieldelfi@gmail.com','2016-10-24 08:39:00'),('4782b170a9bb861724e39b0763b47d92','LUAN CARLOS DELLA PASQUA','luancdpasqua@gmail.com','2016-11-10 18:08:04'),('48a790d31e7b1c0ed1ed6741c5e912c5','Sara Raissa Silva Rodrigues','sararaissasr@hotmail.com','2016-10-10 14:27:22'),('4904f9fa9da8a4d5dd4d1a9548040341','taciana alves neris','tacianaalves99@gmail.com','2016-10-04 15:00:20'),('49113c063e62d9c08b6c1e3ae985f444','Jennifer de los Angeles Loria Sorio','jennyls1991@gmail.com','2017-05-09 11:08:59'),('49233b9bc7c55ec8a4569da0b52203eb','Ana Carolina Azevedo Vasconcelos','carol-2506@hotmail.com','2016-10-20 11:15:25'),('49e429d345f49334f10aca4e6640723b','Rogério da Silva Matos','rogerio.matos@alf.ifmt.edu.br','2016-10-19 21:56:28'),('4a6a7b3eef9bdbd1b1d5e61dd5d9f6d9','Reinaldo Resende de Oliveira','reinaldo.resende.oliveira@usp.br','2017-03-06 09:58:44'),('4a96d6c974daff8e68033be6f072d8f2','LINA ISABEL TRIVIÑO VIERA','lina.trivino@correounivalle.edu.co','2017-05-08 16:05:49'),('4af01a8c32722456699b88362730ab61',NULL,'dayis026@hotmail.com','2017-04-22 18:43:10'),('4b3b41d758c262cffff6aac353547657','THAIS REIGADAS SALVADOR','thasalvador@gmail.com','2016-08-26 22:38:46'),('4b5b49bd650e4e55cac815a3aa1abad5','Nicásio Gouveia','nicasiogouveia@yahoo.com.br','2016-10-24 10:45:17'),('4b820191268c6380b44a7b1afd8c55a1','Angelo Gabriel Nicolau Dotta','a148338@dac.unicamp.br','2016-08-16 14:19:23'),('4b9618b340390a353141ee18459f6e2b','Douglas Luiz Finamore Barbosa','douglas.finamore@gmail.com','2016-11-08 21:40:07'),('4ba593bdd4a72070b645508b3050ae51','Sinzomar Gomes de Melo','sinzomar@hotmail.com','2016-08-10 13:57:58'),('4bc6a3ca2c4fbbe21e200144bb315ab0','Maritza Camilli Almeida Brito','maritzacamilli@gmail.com','2016-10-25 15:13:30'),('4c04c5e7c3dc63da6642da2ca154dea6','Carlos Alberto Reyes Peña','carlos91040308704@gmail.com','2016-10-10 14:35:37'),('4c490d3981c0ee8fc95de24a27bddfd9','Rhaissa Rogéria Rodrigues','rhaissa_r.r@hotmail.com','2016-10-24 11:15:56'),('4c9610116e493775262b9bea95062b6c','Edmilson Paulo de Oliveira','edpaulo1@hotmail.com','2016-10-10 15:00:57'),('4cca7c394154a4e95cc32f3510eae0ac','Maico Gouveia de Oliveira Freitas','maicogouveia@hotmail.com','2016-11-14 12:57:40'),('4d0294be19ed3ca32d64ba5a447e4475','Antero Soares de Lima Neto','anterolimma@outlook.com','2016-09-30 09:50:21'),('4d05e1b3cf2a5952cadffc9e5ca5c446','Fabrício Freitas Alves','fabricio.fralves@gmail.com','2016-11-10 16:02:56'),('4d88bfd2edad9dfcd9ae08e5f0a5bcc5','Maurício Hideyuki Tomita','protomita@gmail.com','2016-11-06 11:15:59'),('4d9a393c4dfefb81ae9296f4ac07c328','ELMA MARREIROS NEVES','elmamarreiros@outlook.com','2017-04-20 12:51:47'),('4e3108274f5b84cbfd6287b1822265b0',NULL,'gustavosf2@gmail.com','2017-03-20 12:37:35'),('4e33ed7219e474ab1003a52711a14df7',NULL,'ribacs@ime.usp.br','2016-08-17 08:23:13'),('4e3815c55ee34a3634e3dcd0d419b174',NULL,'raulfofrancisco@gmail.com','2016-08-08 14:48:11'),('4e5f9a318de8765929c0470a51e28ed6','antonio willames magalhaes','awmagalhaes@yahoo.com.br','2016-10-31 19:17:31'),('4e6c8f3f9cbc720bcb54df1ee167728b',NULL,'marcelassnika@gmail.com','2016-09-19 18:06:15'),('4e97ff8a58de786cde2f0a05d3a695d3','Carlos Mendes Mesquita Neto','cmmn7@yahoo.com.br','2017-03-24 09:29:44'),('4fdaa8b13950e743abd07b5afc22b770','Grasiela Romão Oliveira Guarizo','garoliveira@yahoo.com.br','2016-10-03 11:22:10'),('507b07e2f288f4821db85e5012e4b098','Alexandre do Nascimento Oliveira Sousa','alexandrenosousa@gmail.com','2017-05-09 09:43:08'),('51052a5995682afd5728cdb27f668b48','Vinicius Kobayashi Ramos','vinicius_kob@hotmail.com','2016-11-15 17:01:22'),('510cd9df017f8e8e519e1026710088f7','Beatriz Laiate','beatrizlaiate@gmail.com','2016-10-31 14:09:25'),('5121240551ebcaa13280a5f546ffee9f','Alberto Martins','albertomar@uol.com.br','2017-05-15 14:07:36'),('51338c9d2b6e8116d30be72df70c9d62','Cláudia Freitas Cruz','claudiafcc@uol.com.br','2016-10-21 15:54:45'),('515ac4c74b95047a4a9656a6a37d335b',NULL,'j.c.a.12@hotmail.com','2017-04-19 22:51:11'),('51a9e85a33b1de196bd5a81e54af3656','Rodrigo Labiak','rodrigolabiak@gmail.com','2016-10-05 15:07:31'),('525acdb8d684c26d34fad5711674161d','Joyce Simão Clímaco','joyce.sclimaco@gmail.com','2016-10-04 10:31:57'),('528faee45c9a2e69e1934942191f05c4','Letícia Viveiros de Carvalho','leticiacarvalho_1997@hotmail.com','2016-10-06 21:34:41'),('5311706060b92f05fb3617b20560a2db','IAN DICK DE PAULA','iandkdp@gmail.com','2016-10-03 13:33:37'),('532f2be7f09ccd3ac8c223d8b6ea74d2','Fernanda Vieira de Souza Brandao','feerbrandao@gmail.com','2016-11-10 14:21:37'),('53aed0a14551b4b01f30a3a320a0c57a','Caren Louize Brancaglioni','caren.lo@hotmail.com','2016-11-14 11:50:43'),('53bcf6f1b8bff26bb160b0b7af494f3e','renato gil araujo de morais','reenatoa@yahoo.com','2016-11-07 14:43:37'),('54025e11550d5d1407d3b7169cbd953a','Juliana Marambaia Maia','ju.marambaia@hotmail.com','2016-10-24 09:51:30'),('544767c6547c137cd342428880ad3a5e','Fernando Flora Filho','fffoi@hotmail.com','2016-10-31 14:59:03'),('547b62db26b7b141e33d5eb207073a21','Anderson José da Silva Zamingnani','dersomatema@professor.sp.gov.br','2016-10-31 00:39:37'),('5489d235c5c5a00c4af779f9465903f3',NULL,'millajarar@gmail.com','2016-08-25 15:27:28'),('54cd01a36edbbc16ad4b582e370f670e',NULL,'juscelino.matos@gmail.com','2016-08-21 12:15:43'),('54ce6f1ae2c92c5287b893ba6b78f584','OTAVIO HENRIQUE PEREZ','otavio_perez@hotmail.com','2016-10-03 11:28:17'),('54dfdf3f74d7fbc116b1d22e60971fc0','Douglas Matheus Gavioli Dias','mgaviolidias@hotmail.com','2016-11-11 14:51:25'),('54eca0d29f61fb8aa47779806235eeeb','Cristian Eduardo García Bermúdez','cristian42253@gmail.com','2016-10-21 10:55:03'),('55502bb2a99c131644c57a6a10c5d9fa','Rafael Oliveira  de Jesus','rafametalmat@hotmail.com','2016-10-03 13:44:12'),('55516b11c67a1df9933fca4485ef6acc','Randy Fernando Llerena Montenegro','randyllerena8@hotmail.es','2017-03-07 04:13:45'),('55928ebc520f8a2d560d44621900eaf5','Marcelo Sousa de Miranda Júnior','marcelomiranda_01@hotmail.com','2016-11-15 19:37:11'),('55bf46ec7c3bfabceb58e62aac025bb4','Wily Sarmiento Yucra','will_smish@hotmail.com','2017-05-09 13:46:33'),('55e600f4c6a961f9458ec83f7f1a7af6',NULL,'sjvzjxh@hasfjs.com','2017-03-26 20:40:54'),('56dd645b7a9b0b6b7540cae85d11f838','Ezidio Henrrique Costa Rodrigues','ezidio.ufes2011@hotmail.com','2016-10-03 11:07:40'),('56fce6965c54515c93435f40235c468d',NULL,'lo_ko_chiaradia@hotmail.com','2016-09-14 22:38:40'),('570c9d46d982b13e7e9a0c9ba7f7eb85','Aquisson Theyllon Gomes da Silva','aquisson_theyllon@hotmail.com','2017-05-04 11:43:21'),('57188c9673aff7bb4daac571c5554666','Jose Claudio Alvarez Junior','zeh.claudio@hotmail.com','2016-10-17 13:33:13'),('57c931fc4e1d7a593cdc6584f0489677','Rafael Bruno Meirelles','rafaelmeirelles1@yahoo.com.br','2016-10-24 13:14:57'),('57cea040ac9a06a4306be905ba31e7be','luis guilherme de almeida','luisseginfo@gmail.com','2016-09-21 20:06:30'),('57db69448b438cce76a019bd9c87823b','Rodrigo Takashi Kubota','r147866@dac.unicamp.br','2016-11-15 03:55:18'),('5805821f0359a0342a49c456b67e9bda','Antônio Aguiar Freitas','antoniofreitas1964@live.com','2016-09-05 20:24:41'),('58649669da865ce2746fa6e7b89d6846',NULL,'leiaruth@ig.com.br','2016-09-27 21:05:06'),('586d5b0e39f8441863f02414452a829a','Demacio Costa de Oliveira','demacioc@gmail.com','2016-10-04 17:08:14'),('5896e5f403f040bfbfaff8b13a36bed9','Paulo Vitor Ribeiro Plácido','vitorvrp@gmail.com','2016-10-20 12:28:51'),('59516bf641a41033da0997cbc4d5b0e2','Omar Iván Salcedo Suárez','osalcedo9@gmail.com','2016-10-24 11:03:02'),('5996c5d9bad867dc4824543915798545','Sabrina Suelen Amaral','sabrinasuelen_5@hotmail.com','2016-10-03 11:39:53'),('59d2f57b9f7dde837f93c0c0ef68195b','Isaac Pereira Santos','isaac20.santos@gmail.com','2016-10-24 09:31:55'),('5a8b60f69de0462db8d188b3977c9e18','Tiago Augusto dos Santos Boza','boza.tiago@gmail.com','2017-03-05 14:29:53'),('5b06b537a0770ced57265066ffe26804','Claiton Pimentel de Oliveira','claitonpimentel@yahoo.com.br','2017-05-08 15:38:05'),('5b9b62c4af491f76ff1bcf2e22c4f756','wanessa ferreira tavares','wanessa_adonai@yahoo.com.br','2017-05-08 16:50:07'),('5bb34c1cffbca4d2b3633b6a6f72c39b','Mariana Aparecida Fonseca de Morais','marianamorais@gea.inatel.br','2016-11-04 13:47:46'),('5c180d7dea208f863762831adeefe041','ADENIS DE OLIVEIRA SILVA','yogo.jipa@gmail.com','2016-10-21 11:06:40'),('5c23020796595bbaac1722b9d4822264','CARLOS GUATIMOSIM NEVES','guatimosim764@gmail.com','2016-10-04 10:33:25'),('5c4bdfac11d4a63b3ae530486d84388d','Michaelle de Jesus Louzeiro Fonseca','michaelledejesus.lf@gmail.com','2016-10-26 01:45:29'),('5cf52cf99ba3412776f065d5cad25b6b','Bruno Cézar da Silva','bruno_mat1@hotmail.com','2016-11-15 12:36:54'),('5d18cfa174d87736d05b3ba7767b6f67','Salvador Rafael manjate','smanjate2008@gmail.com','2017-03-23 07:58:07'),('5d428abbcd816253b05e9c9e85debcde',NULL,'rafhar19@hotmail.com','2016-08-25 15:27:55'),('5d5b6b2836a8da7d79945893f7cc0264','Gustavo Henrique Petroli','gustavohpetroli@gmail.com','2016-10-05 09:05:27'),('5da3fd44ffcae372271e09319b1fdb41','ANDRÉ LUÍS ALVES COSTA','andrealves_99@hotmail.com','2016-11-04 13:45:20'),('5dd6f876f848803a2e251d2e015cfa28','Juan David Londoño Acevedo','jadeangora2@gmail.com','2017-05-08 15:59:50'),('5ddbea036772e5eed7d01a139c6e53fa',NULL,'fernanda.ronssani@gmail.com','2016-09-23 21:48:22'),('5def89a88d8bcad6af016bfadf32ed3b',NULL,'fabianorcoelho@hotmail.com','2016-09-20 09:56:40'),('5e06be35a8193ddfba261e772de58d73','Maura Bellezi Mendes','mauramendes18@gmail.com','2016-11-13 13:37:25'),('5e853be845794496d56ae7a24fb1bcc3','Mariana Uzeda Cildoz','mariana.uzeda@gmail.com','2016-10-21 09:45:30'),('5f72bea006f088e7d94dc3cb61584a4e','Lidiane Cristina da Costa Carvalho','lidianeckarvalho@gmail.com','2016-10-31 16:52:47'),('5f8b1509ae57b64c7a1984b669a30647',NULL,'rafaelamflima@gmail.com','2016-08-23 18:06:43'),('5fed7a6d3dafc50b5aae26b2fe6b8347','Joyce Aparecida Casimiro','joyceap01@hotmail.com','2016-11-15 13:18:51'),('602cc44fc4270a622d834ab275798ec2',NULL,'d.h.rezende@hotmail.com','2017-03-21 17:14:57'),('602dea04b289b6c907da45ef0356afff','Phillipe Santiago de Souza','phillipesantiago88@gmail.com','2016-10-29 17:10:50'),('6081c9ebd6a3228ee04e0292189b2b8e','Mateus Paranaíba Ribeiro','mateusparanaiba@gmail.com','2017-05-04 14:11:32'),('616270ab01ce102c13033d707ffbfed6','Eliana','elianabf@ime.unicamp.br','2016-11-03 10:25:27'),('6257e3f59d70d6e6f9f2dcc3bb2b55dc','DIANA MARTINS GOMES','diana.martins17012015@gmail.com','2016-10-29 15:35:41'),('62e5817b51260124be73cf8e9ee697bb',NULL,'michaelgsf@hotmail.com','2016-09-17 00:08:13'),('62ea4c0abfb208746c3f2072bdb754c9','Valdir Monteiro dos Santos Godoi','valdir.msgodoi@gmail.com','2016-09-30 14:45:00'),('639bbe57e10cb1bf01858e6a58304e65','Ricardo Martins Mendes Guimarães','ricardogmm@hotmail.com','2016-11-03 22:37:06'),('639cb5927be28ae50cdf226d709b988c','Marcos Luis zacharias','marcos_zacharias@yahoo.com.br','2016-09-29 09:01:22'),('63f88bb5d46c6fbc6c5a8b9fa98dca1c','Glória Cristina Vieira de Sousa','gloriavsousa@gmail.com','2016-10-19 11:26:13'),('64021610a8e108b956b5a2c15b466eb3','Angelo Gabriel Nicolau Dotta','agabriel.nd@gmail.com','2016-10-21 11:16:19'),('64bed6fba39999ae115851ea85800726','Donizetti Kurtz von Ende Peçanha','donizetti.kpecanha@gmail.com','2017-05-25 09:35:03'),('64e3b1de1eafd1506f36db9aa6c858af','ivone cristina barros pedroza','pedrozaivone@gmail.com','2017-05-04 15:32:39'),('65c9f2fee7207d9709d1262d24848155','Maurício Darós Andrade','maudaros@hotmail.com','2016-10-14 13:10:53'),('6669b0fc16650abd6a42f4605bce0296',NULL,'mr.alan@msn.com','2016-09-04 00:02:02'),('678985579604f20db2a9fd202e77b8a1','Fernando Barbosa','fernando.liaison@gmail.com','2016-10-21 17:15:08'),('6795603acbc0b908dd3538443ee43e89','Rafaela Ferreira Afonso','rafafafonso@yahoo.com.br','2016-10-05 11:32:48'),('686be39cd503b9d1bf24bfc021ec0790','Fatima Braga de Oliveira Fernandes','fatimabraga_f@hotmail.com','2016-10-04 13:39:58'),('687e51f03bd38b6ab3703a39b0b5ae45','Noah Gabriel Dantas da Silva','noahgabriel@outlook.com','2016-10-13 15:20:08'),('689949d0b93b0c937a24c525d3e9b569','ALTENIZE DOS SANTOS CORDEIRO OLIVEIRA','altenize@hotmail.com','2016-10-02 00:26:23'),('68f99a0e3b25c63ad8f9ae49b50e7bba','Muriel Andreane Dalcy','muriel_dalcy@yahoo.com.br','2016-11-09 21:51:54'),('692877ae5d16cfeac811f2327367292a','David Miguel Soares Junior','miguel02.rep@hotmail.com','2016-11-10 19:00:58'),('698a98111ae352427da632965ad2cabe','Ismael Navarrete Márquez','ismael_nm14@hotmail.com','2016-10-07 09:37:31'),('69c582b9527d87b1271bf01d9af7de15','Rômulo Elias de Macedo Barros','romuloemb@gmail.com','2017-04-18 17:42:03'),('69cefb9472ae3de5850b7b9c45ca6c3a','FABIO JOSÉ BARBOSA','fabinho_pocos@hotmail.com','2016-11-15 18:54:20'),('6a3c2eef7d18848ce6b6465422a33254','Juliana Nasser Gimenez','juliana.gimenez@usp.br','2016-10-03 13:57:33'),('6ae635afe55fb50eb618877d2a2cac48','José Pedro Gomes','pedrovalinhos@gmail.com','2017-04-21 02:33:45'),('6b4a59b809a6f76e4d64d271f2bf0f1f','Katherine Andreina Loor Valeriano','katandreina@gmail.com','2016-10-24 09:57:13'),('6b545a095d0e69b62ed5749dc4dbfcac','ANTONIO CARLOS DOS REIS','acdreis70@gmail.com','2016-10-11 18:56:52'),('6b6a6fa432790c4c72f7fd9ed8cef07b','Klisman Paul Tejada Huaranca','dkteja_23@hotmail.com','2017-05-09 09:06:12'),('6bb6f778c95809cce3a0fb736ad45570',NULL,'juliana.souza.ufpa@gmail.com','2016-11-07 16:14:09'),('6bb8d68efe9a8552127d2a4b291a196c','Breno Enrique Santos da Silva','Brenomauricio26@gmail.com','2016-08-10 14:50:56'),('6bc43cf39a00cb9d8fc5d88058791792','Frederick Lawton Azevedo','frederickazevedo@gmail.com','2016-10-10 09:33:33'),('6be97a08573c952871bdd30bb3f0aa22','Clederson Passos alves','cledersonalves@hotmail.com','2016-11-08 22:21:44'),('6c0443c01ec3f61d01094221d008b177','Raquel Maria Nogueira Wood Noronha','raquel-wood@hotmail.com','2016-10-05 11:34:24'),('6c551595f869204d7001677311ce23be','Michael Eduardo Zamudio Monserratt','michaelzam@gmail.com','2016-08-16 17:11:25'),('6ca53d505ec24c5559c56d864b203b89','Lígia Mangolin','ligia.mangolin@hotmail.com','2016-09-18 11:07:26'),('6d26e531d1854a6300aad33348aeb24e','Emanoel Mateus dos Santos Freire','emanoeltteu@gmail.com','2017-05-09 10:00:52'),('6d28c1ebe6a273d842920a538867247a','Augusto César Dias dos Reis','augusto0710@hotmail.com','2016-10-04 15:11:41'),('6d802a5d67cd657c26e72b1dcaf5a1d6','Suelen Cristina Gasparetto','gasparettosuelen@gmail.com','2016-08-28 14:13:16'),('6e1747655aa74cf71fd6b14b1c2a8d32',NULL,'irving_1008?2@hotmail.com','2017-04-26 18:00:32'),('6e57032ac8ccca73c273340e76fc4341','Junio Cesar Ferreira','juniocesarferreiratrue@gmail.com','2016-10-03 15:13:24'),('6ecbb293050cd9e038d574ab23aa9e5d',NULL,'profmatro@gmail.com','2016-09-30 20:01:39'),('6f8bfbb60cba720f198bc3aa0eb2e060','Rodrigo Luiz Langaro','rodrigollangaro@hotmail.com','2016-10-04 14:58:39'),('6fb2c20d021be3125f08b61101afb99b','Mijael Hancco Suni','mijale_bekan18@hotmail.com','2017-05-09 09:04:28'),('6fe17b05bdf83fdd853c0156089ec936','Wesley de Oliveira Tavares','wo.tavares95@hotmail.com','2016-09-26 15:25:02'),('6ff29c7fb6a33dd70e9e9a516e01620e','Jessé Samora dos Pazeres','jesse_alternativo@hotmail.com','2017-04-25 11:37:47'),('705045c137c2e9f16c5adc64136d7c69',NULL,'cesargrobe@gmail.com','2016-10-12 10:00:50'),('70885f99781d4094f78c0adff860f6e3','Rudivan Paixão Barbosa','rudivan@live.com','2017-04-25 11:38:52'),('70c6089021b1bd9b4990653927b4b0b0','Igor Sbampato Mol Bessa','igormol@ime.unicamp.br','2016-08-29 20:32:22'),('70dc1362a5ced9d94b3f2f50c52398f8',NULL,'eduardo_idp@hotmail.com','2017-04-19 01:18:45'),('70dc239b1b8274e5be203cfd18b695ce','ANANERY DOS SANTOS SILVA','ananerysilva8@gmail.com','2017-04-20 20:08:18'),('710cd8dd7de886d87cced4ed9b8799c7','Cristiano dos Santos','santos.cris92@gmail.com','2017-05-09 09:54:02'),('71464881ded5b6f3233341478510d312',NULL,'jsoovieira@gmail.com','2017-03-27 12:24:59'),('718ba77ee328ee96bae976cbb88503d6','William Braulio Silva Sousa','sousaw001@gmail.com','2016-09-15 14:26:54'),('71cffec456c700b584a9449da3a175d1','Ana Flávia Scavazzani Alves','ascavazzani@hotmail.com','2016-10-07 07:41:48'),('71da5c0cb277c1d716f5f33dbf9ea458','CAROLINA NOGUEIRA GOMES CAVALCANTI','carol_nogue@hotmail.com','2016-11-07 14:01:42'),('7262dcb164cca672ba18a4cc094c98c2','Cristiano dos Santos','santosc@usp.br','2017-04-28 16:40:28'),('7276e9f432581f12719df5da66f6239d','Christian Camilo Cortes Garcia','chriscort05@gmail.com','2017-04-28 16:49:44'),('7289d6f6bac1234d32d47739ec9c133e',NULL,'fabiotrabmat@hotmail.com','2016-09-07 17:29:55'),('729db14b8f4694c137faea3ab5ac2c59','Antonio Carlos Cardoso','carlos.antoni1@hotmail.com','2016-11-14 21:56:08'),('72d7abb5487f05c0d61faac8b93bac83',NULL,'asm_informatica@hotmail.com','2016-09-17 13:19:50'),('730bc83887010036ca385b3dc6100332','John Freddy Moreno Lozada','jfmoreno12@hotmail.com','2016-11-15 13:58:34'),('735de0f61382e5c624906b767c5f8a3f','Yerika Liduvina Marín Montilla','yrikm2@gmail.com','2017-05-25 09:38:26'),('742fb6041fdbe8a68a5622119d81b98d',NULL,'matemagicosk8@gmail.com','2016-09-08 19:51:29'),('743021abf159c2dd852df16dfe2076ca',NULL,'natiellynascentes@hotmail.com','2016-09-07 15:02:56'),('743c917485e28986f3cd6a4b6102a6f3',NULL,'danilo_rodrigo_alves@hotmail.com','2016-12-03 16:21:13'),('749cc586d34dfd79665a842f0ddc3e8d','Altemir Bortuli Junior','altemirbortulijunior@hotmail.com','2016-10-04 15:09:51'),('74ada225411661a23b86cc513bfc8938','Bianca Tiemi Morais Matsui','tiemi.bianca@gmail.com','2016-10-21 11:19:36'),('74da28eced2ed850f0b443b8c9bb2bee',NULL,'gabrielh2.7@gmail.com','2016-09-24 01:15:01'),('74e1b3b5e031c303ec4601c8b122046e',NULL,'victor_matheus@live.com','2016-10-17 12:07:29'),('75251aa4cc931d2cac95a8f100a475d8','Marcio Hrycyk','marciohrycyk@yahoo.com.br','2016-09-29 10:47:25'),('76336254e30d02568b518f0fcaf56f2f','Ricardo de Faria Souza','bacana.ricardo@hotmail.com','2016-10-24 11:17:08'),('76512d95390f768912091e54045a5c4e',NULL,'nambrosi@uol.com.br','2016-08-05 08:25:21'),('766fd03a36f3ddb44f63a9edb8205b91','Jean Renel FRANÇOIS','ra123734@ime.unicamp.br','2017-04-03 11:50:41'),('77ae79220e4355a780ae23edc2ca4afb',NULL,'msm@ime.unicamp.br','2016-10-18 11:28:58'),('790a237ba9c0321515501724fcb67673','Ernesto Cosmo Natalino Fioretti','e.fioretti@hotmail.com','2016-10-12 11:46:19'),('79219e0f4cf53928bafb4ef60412219e',NULL,'marciespitia@hotmail.com','2016-11-04 23:09:32'),('797927f2e624e804efc16e71a94c48e0','LUIZ OCTÁVIO CAVICCHIO','luiz.cavicchio@gmail.com','2016-10-11 21:24:38'),('79abfb2c7d2e2d95e918d1b80c548349','Alberth John Nuñez Sullca','jokerized123@gmail.com','2016-10-03 13:55:57'),('7a8eedcfcb7ee89dedaf1857e4abaf25',NULL,'eufelix.mauricio@ifes.edu.br','2016-09-27 20:46:22'),('7a9d5faef7d35c8aa04981abb230bea1',NULL,'cairo_cal@yahoo.com.br','2017-04-12 11:27:37'),('7ab0acd16768a995eb89cbbee35a0233','Fernando Barbosa','nandevers10@hotmail.com','2017-05-11 16:11:49'),('7ab4b4fc50152c139cc2db89c981e66e','Esdras Rodrigues do Carmo','esdrasbrz@gmail.com','2016-10-06 14:32:51'),('7b603287dd9d2d4f16e4204bf71aec5b','Rafael Peres','apoloperes@gmail.com','2016-10-30 18:52:01'),('7b883a0e3a80d8efebdeacdc548210a1','Mateus Sangalli','mateussangalli@gmail.com','2017-04-16 15:01:52'),('7ba7df39fbed05f8b5f3060557e96896',NULL,'mateomesias@hotmail.com','2016-10-29 11:24:04'),('7baa8e9b8ed89173421e8b17d8d1d88b','Thais Clara da Costa Haveroth','thaisdacostah@hotmail.com','2017-04-05 11:31:23'),('7c0fe5d49a0b8459e04792d6e5cdb012',NULL,'joeziley.j@hotmail.com','2016-09-04 10:50:19'),('7c7adea24a320e4c6658d43187b1579c','Cristina Sacilotto','cristinasacilotto@gmail.com','2017-05-11 11:02:00'),('7cbc10c925a72691db75ad6f3042db6b',NULL,'edsonlira@ifma.edu.br','2017-03-04 14:34:08'),('7d19e3125ece0dafb3b94ece6c5596ef','Fernanda Alves de Oliveira','oliveira.fernanda.alves@gmail.com','2016-10-05 15:09:17'),('7d38bce07c7f27b9621119b3285dba4c','ANDERSON YASSUHIRO AFUSO','anderson.afuso@ifsp.edu.br','2016-08-25 13:15:07'),('7d9230739f594fa946ba02d175316d39','Larissa Brito de Oliveira','lboliveira@uesc.br','2016-10-05 10:51:55'),('7dd1b9eb5f87bd29e082e4cef9b9b5ef',NULL,'penepe2007@hotmail.com','2017-04-07 14:07:41'),('7dd897f7e2a744d8ff6497946897c3f4','Carlos Alexandre da Silva dos Santos Vieira','carlos.assv@gmail.com','2016-10-29 15:30:50'),('7ded939efe50e7a16e2c98f2ccdbc4df','Milagros Anculli Llamoca','milagros.anculli@pucp.pe','2016-10-07 09:51:44'),('7df93b2f047ac24913799d6e6b269498','Sandro Kawamura Rodrigues','sandro.kawamura@gmail.com','2016-12-14 23:57:45'),('7e5472607c3d9ccb14ea3639b2b13741',NULL,'alex.milhomem@hotmail.com','2016-10-11 21:35:45'),('7e590da6e3b6cdee21f1507bfcd7fb31','Flavio Gomes moreira','prof.flavio@outlook.com','2016-11-29 18:55:38'),('7ea7ea7f34dc0c618be69c3b466b229f',NULL,'nilson.ribeiro1105@gmail.com','2016-11-29 00:11:55'),('7ea9ca6c3e3b8793749601ca2e1ffa2e',NULL,'barba.faculdade@gmail.com','2016-09-16 15:27:08'),('7edbd1d7578928d37cf40fa079f1c6e1','Pedro Henrique Rivera Santiago','pedrohenrique800@hotmail.com','2016-10-04 14:52:26'),('7ef3b207df8bae59ed739917d7b1a0eb','Solange Conceição Gomes','cgsolange42@gmail.com','2016-10-24 11:19:16'),('7f635c6323e187a6a1cbdb24fdd2d874',NULL,'bvicente9329@gmail.com','2016-11-14 17:25:44'),('7f6a41ab5c1be2cc986517a56877933b','Felipe de Amorim Borba','fab.cta@gmail.com','2016-10-18 16:57:45'),('7f75718a9c6337beb88f078c570ef27d','ELIANE PELITY ELOI','eliane_pelity@hotmail.com','2016-09-26 17:28:04'),('7f7abb5e078250de9ca8b1ec8531b2fb','Gustavo Borges Vieira','gborgesvieira@gmail.com','2016-10-10 14:36:58'),('7f8c4d4d42576a427a6ac7b98a1ac3b4','Bruno Ferreira Alves','bruno.alves@ifsuldeminas.edu.br','2016-09-21 21:05:36'),('7f9b6748cf86abac2e007a29e5a4911e',NULL,'akela.4k3k4@gmail.com','2017-05-16 09:03:52'),('7fbd1d51b6e99905f3f8c66de5e605b2',NULL,'adrianoprieto@yahoo.com.br','2016-11-03 17:01:46'),('802925acb6f617392d11e0000d907e30',NULL,'fernanda.rocha507@gmail.com','2016-09-06 14:47:41'),('8042a9276e8beb1a24d72271afa20155','Rodrigo dos Santos Bononi','santosbononi@gmail.com','2016-10-04 17:15:02'),('808d07213cccf547bdf64b295330fd85','Lucas Pereira Lopes','luccas.lopes@live.com','2016-10-24 10:00:39'),('80c7fbc1889f6434697803b40c0446e5','Wesley Hjalmar Lindquist','whlindquist@yahoo.com.br','2017-01-19 20:24:51'),('816e3119a068216fb7767c83b00fa944','Ozana da Silva Alencar','ozanalencar1@hotmail.com','2016-10-04 13:46:08'),('81b89f73a1d53319b8b36441f7b1dc83',NULL,'renatinhabonatti@hotmail.com','2016-08-30 22:37:56'),('81c65e2c4082da13f5a4d7ecf269f86f','Claudia Akemy Koda','clau.koda@gmail.com','2016-10-18 08:54:41'),('81dbd1bcfec044cb42675f63469cf9d0',NULL,'ricafaria@hotmail.com','2016-12-25 16:10:49'),('81f54732bfeea11906028e3eb4168e36','Tobias Fernando Pinto','tobias.fernandes@hotmail.com','2016-10-14 14:06:57'),('821f5fec49ade087b3790b8f456ce622','Maria Julia Pessoa Berenguel','m.julia3@yahoo.com.br','2016-12-04 21:32:49'),('824eab67d9b6f10991cbd9b53c565db0','Anabeth Petry Radünz','beth_radunz@yahoo.com.br','2016-10-21 11:11:21'),('8278cc364dd3eb43eb2596028ea30ae3','Bruna Mirella Caetano de Miranda','brunamc.miranda@yahoo.com.br','2016-10-25 12:06:52'),('82952fd162710492a5443ea5d1157f29','Pablo Cesar Cruz Martinez','pablo_cesar18@hotmail.com','2016-10-06 23:25:44'),('82a1005026e91abe5d4cc15970a217a6',NULL,'rdgleppaus@gmail.com','2017-03-07 09:36:13'),('83905178f3ca2c7040238f3bc8e598e2','Dante aligheri santos ','joker123sk8@gmail.com','2016-09-08 20:07:32'),('83f3c9e89e074f93b22681035a930aa9','Leiryelton O Sousa','leiryelton@gmail.com','2016-11-04 15:29:59'),('8411dc2e39e9d63d0350a1bbb0186515','Cleison Alfaia Rodrigues','cleisonalfaia@gmail.com','2016-08-09 15:44:06'),('84499dd30a3a011113425674eed2dc37','Caio Simplicio Arantes','caio.arantes@usp.br','2016-11-21 13:44:22'),('84863651ada8be70f0c5aec92a69ef8a','Fernando Gasparotto da Silva','fernando.gaspt@hotmail.com','2017-04-25 14:22:50'),('849ceaf71e2b5fd5d6373d06c4449653',NULL,'tati25_estat@yahoo.com.br','2016-09-19 16:06:47'),('84c535593a176c56f46c106362c59099','Susan Alicia Chumbimune Anyosa','susanaliciach@gmail.com','2016-10-21 10:55:46'),('84d20267f95a1c05aa21ff46dda4360e',NULL,'noe.mmm@hotmail.com','2016-08-29 10:17:34'),('84ee6537d680fae8943d54dfeb3844e6',NULL,'fareggae_18@hotmail.com','2016-09-12 13:12:33'),('85691d58c3173c4165978a8173964734','Diego Schapendonk Reis','sreisdiego@gmail.com','2016-11-08 18:38:38'),('85d3696589308636e0a9eceaabd4a567','BRUNO PEREIRA DE MORAIS','bruno_pereira2222@yahoo.com.br','2016-10-04 09:10:16'),('85f72ca83873374406b855e8fb08f6c3','Jessé Samora dos Prazeres','jesse.samora1@gmail.com','2017-03-07 11:28:38'),('866f297e842d86f9ad452e2f0f569044',NULL,'osvaldo5@msn.com','2017-02-17 20:54:09'),('86be88e2d4183b9bd5e22d7614f3f01c','Jaqueline Jana da Silva','jjds13@hotmail.com','2017-02-03 16:33:34'),('870682d6b21951f44984b6b473343e48','Bruno Cesar P. dos S. Carvalho','bruno.cpsc@gmail.com','2016-10-30 18:08:39'),('873cb653aadead70dee3213863065720',NULL,'eufelix.mauricio@ifes.com','2016-09-27 20:48:17'),('8740e8df7b12aad9fcd35aca615fb650',NULL,'thirso.com@hotmail.com','2016-08-18 17:09:36'),('874571738a1ea50ccddf9e9a85afe147',NULL,'aquiles.miguel@hotmail.com','2016-10-31 22:29:57'),('8764949279de064ec83c9965107712fd','Juan Francisco Camasca Fernandez','juan06012@hotmail.com','2016-10-03 11:35:24'),('8767bbd9830821e901374f8c45d10a9d',NULL,'raphaelapacios@hotmail.com','2017-03-28 11:30:45'),('87727e79ecd7b48d6480b04f1038835a',NULL,'renato-dv@hotmail.com','2016-09-09 08:52:35'),('87a6bb1358399852a3a7df95f2b9998a','Giovanny Andrés Fuentes Salvo','giofuentes91@gmail.com','2016-10-18 17:00:39'),('87cbad6409c3bf06efb2a63d4329abec','Marcelo Renan Augusto Ferreira','marceloraferreira@gmail.com','2016-10-05 11:17:40'),('8827091f1c394b6dd6b68bf9e0e31f29','Bárbara Karolline de Lima Pereira','barbarapereira@dm.ufscar.br','2017-05-25 09:36:15'),('8857420d516f3b10bc196d859f6aba5f','Eliton Mendonça Moro','elitonmoro@hotmail.com','2016-10-14 14:17:42'),('894ced13b420cd7800bb53d4c04f65c1','José Lucas Pereira Luiz','lucasvt09@hotmail.com','2016-10-03 14:58:12'),('896b782bccbeed0477d19b55530b0d1d','Renan Rodrigues de Souza','renan_desouza@ymail.com','2016-10-03 15:17:31'),('89dbb601afee8f31083beb2dca66887e',NULL,'henriquefernandodasilva@hotmail.com','2016-09-25 11:10:54'),('89dcb72474162b1cb8a806024ef3534b',NULL,'danilotardem13@hotmail.com','2016-09-22 22:56:57'),('89e11e3d5385bea8e9fced14ce0be442',NULL,'francilene02@outlook.com','2017-04-20 12:12:34'),('8a9a052fb643713b5389a10544a5de64','Daniel Hindemburg de Miranda Marques','danielh@ita.br','2016-10-12 10:37:18'),('8a9e93947110e1666c049d1cedf233e5','ROY RIMBERTI RODRIGUEZ TRUJILLO','royrimberti@gmail.com','2017-04-04 21:46:45'),('8ac6dfc5ba7061948312026c7ff651c4',NULL,'luiscuani@hotmail.com','2016-11-22 23:22:53'),('8b80968203d12fb268b2a4c85fe98163','Filipe Augusto Eiras de Lima','filipeaugusto16@yahoo.com.br','2017-06-02 16:41:30'),('8c1afad113d98de2e0028981b40898bc',NULL,'silbaroli@yahoo.com.br','2016-08-08 10:58:43'),('8c1f2a6afa47308af7584f6d22b3b49a','Edgard Lourenço Júnior','edgard.lourenco@gmail.com','2016-09-01 15:51:43'),('8c6d9940802c860253d873b474524db6','Dairo antonio cuellar mateus','dcvictory-21@hotmail.com','2016-10-25 08:17:59'),('8c841f0c44e26d451cdaf7ee0102793c','Déboa Alves de Oliveira Vitoi','dbaoliveira@yahoo.com.br','2017-04-17 15:09:36'),('8c85cc3c35d0ee8e61a4cd2c0dfe14b5','ANDRÉ VIANA OLIVEIRA','andre.viana.oliveira@gmail.com','2016-09-03 12:35:43'),('8d0ee2ed1c29888e4ee2733af1ed60b9','Tais Mara dos Santos','taissantos@alunos.utfpr.edu.br','2016-08-16 10:57:49'),('8d0f143703e2cf48228725c58a22ba04','Karen lizeth Martinez Acosta','klizethmartinez@ut.edu.co','2016-10-03 16:28:28'),('8d339e4a42a3e28e70f3a49785a5853a','Jucielle Beatriz dos Santos Nascimento','juciellebeatriz@gmail.com','2016-09-06 22:43:24'),('8dcae8e8a91d82a9628a15f4b32443b0',NULL,'lucenasantos1985@gmail.com','2016-09-28 13:56:59'),('8e32a07df3464d9b59fd7fdb2735cef6','LEANDRO BARBOSA DO AMARAL GUIMARAES','leandro.guimaraes@ifma.edu.br','2016-11-10 17:55:03'),('8e6764dc2be87a8917892e0f6b805d70','Daniel Pires Araujo Lima','dankanapps@gmail.com','2016-10-06 14:23:58'),('8e91fe2a2871747027f2708cdce2a966','Iago Cavalcante Geraldo','iagocav@gmail.com','2016-10-20 10:55:06'),('8eb5bf6b2b8e82271f018dbb114959d3',NULL,'fornari2001@bol.com.br','2016-08-30 23:37:01'),('8eec31add6bd38f4acc230f6dbb33aad',NULL,'malucastrosilva@hotmail.com','2017-04-26 20:51:07'),('8f4f1a920985ed8984b3342b4c8f81ff','Luana Amancio Terra','fritiza@hotmail.com','2016-08-25 13:57:17'),('8f6bf3d88b67bcf5bbc2cfd639076f10','Ana  Paula Santos da Silva','annapaula10@live.com','2016-10-31 18:24:50'),('904ac7f92861a6645810395ac0aea7a1','Larissa dos Santos Sousa','sousa.larissa@yahoo.com.br','2016-10-03 15:35:34'),('907529babea14b48f6a9e754ea9616d6',NULL,'gonzagapiau@yahoo.com.br','2016-12-21 09:19:08'),('907d2661840693590cc76d58553173a4','Gabriel dos Anjos Pimentel','gdapimentel@gmail.com','2017-05-08 15:48:17'),('90f3a473594a028204fdbdee01c2109d','José Nayro da Silva Moura','zenayro@gmail.com','2016-09-29 15:06:43'),('9125e814739d56c7e621855d71659c24',NULL,'Johnny_matematica@hotmail.com','2016-09-05 18:23:23'),('915496f18e5272fe6b2d9a2bff6d58f1','Danilo de Rezende Santiago','danilorezendes@yahoo.com.br','2016-09-16 10:37:15'),('915cc9f677aa34229a0741fb20fd3346','Daniel Petravicius','nithael_br@hotmail.com','2016-10-04 15:56:35'),('918f2577099856fc8083589aa514fd69',NULL,'fmedrade@bol.com.br','2016-11-30 22:31:27'),('91ca20e4e53a85e3a57aa742219a9e08','Marielle Aparecida Silva','mary18-silva@bol.com.br','2017-05-25 09:37:17'),('91ecbc29f6b31083de760f34509f08b0','Wenison Trindade da Silva','wenison-silva@hotmail.com','2017-05-10 17:25:11'),('926e5788b6b81946cbc88f0843c36a98','Carlos Celestino Lima Souza','celestino.cs@gmail.com','2016-10-04 15:21:45'),('928c7c32a2faffd9ce709b9a304658e9',NULL,'denysmelosouza@gmail.com','2017-04-20 14:00:27'),('92b954f3dcbc2229f4e5bcd98317d3f6','Daniel Batista Galdino','db_galdino@yahoo.com.br','2016-10-21 16:25:26'),('92e319f58d0d191312e5a30ccb517a3c','Henry Cristhian Zubieta Rojas','henry14671@gmail.com','2017-03-28 17:12:26'),('92e94693b9d8da05dfe60d1da80c188a',NULL,'clueders@gmail.com','2016-11-08 18:08:27'),('92f5085eb2fca3fb3b2e185c42d38fa9','Wanderson Laerte de Oliveira Carvalho','wanloc@gmail.com','2016-09-07 00:06:43'),('93038e0053a5b215472f54aa1252d899','DEVIS ORDOÑO VILCA','dov.math@gmail.com','2016-09-30 17:10:49'),('936fb1c589107e0e01a12245e248c999',NULL,'douglass.cordeiro@hotmail.com','2016-10-25 13:46:16'),('9387c1d41cc3fa6ff3120fdd278b7411','Jefferson Alvico de Oliveira','jeffersonalvico@hotmail.com','2016-09-04 13:34:28'),('938dfb9068f3a4b39de90b6de9660692','Tatiane Gomes de Araújo','tatigomesaraujo@yahoo.com.br','2016-10-24 11:22:44'),('939c2f5a4245de9c7c71bee6dc7429d7','Edilson Vidigal','edilson.vidigal@gmail.com','2016-11-25 02:13:44'),('93bb152f15bff7da968b8011120a98c4','Melissa De Moraes Carvalho','meldemoraesc@ucdavis.edu','2016-10-17 15:14:58'),('93bfa889430406fb15544e9ff6a44fd4',NULL,'danmatema.souza@gmail.com','2016-12-11 14:25:59'),('93db4b0d5b4983fb386d403f50166c4b','Angelica Lourenço Oliveira','angelicaeh@mestrado.ufu.br','2017-04-26 18:59:42'),('93e331fa5859bbc9a4264209daa32d54',NULL,'silvaribeirolarissa@outlook.com','2017-03-27 10:21:49'),('94557afe161c82c171897a2aedc340b4','PAULO DOS SANTOS LAGE','prof.paulolage72@gmail.com','2016-08-22 10:02:46'),('945646fea738b00ee87aa10ae36d3322','Michael Willyans Borges de Moraes','michaelmat1bm@gmail.com','2017-05-15 08:43:48'),('9492d2071d43dfd4be910e14f3649014',NULL,'CSDMELO@UNIR.BR','2017-06-06 13:24:35'),('94d1516cf87d0a4073d9fa204f77b914',NULL,'arielsantossantiago@hotmail.com','2017-03-03 18:05:56'),('95278880446e08880a8de8ddf09092e1','Patrick Garcia Machado','patrickgarciamachado@gmail.com','2016-08-28 13:44:39'),('9578878ae37556fa97fd862f91ef749e','Marcos dos Santos Rivereto','mrivereto@gmail.com','2016-11-30 18:44:47'),('959d2fc4bab6fbc55aefd5dbfa28d8be','João Batista Coelho Junior','coelhojunior@live.com','2016-10-14 14:13:57'),('95b478f63d201331c72212d59a3be9f7','Letícia Leopassi Oliveira Tótollo','leticialeopassi@yahoo.com.br','2016-09-19 10:30:02'),('95f2d549ae0e930005c120246d269a2e','Davis Roberto de Oliveira','daviscgerais@yahoo.com.br','2016-10-26 23:55:35'),('96a17c539a51d5204516296a08546a53','Jerson Leite Alves','jerson.alves@hotmail.com','2017-04-28 16:50:40'),('96d92cd9e54e59d3423e2182475bbecf','ALTAIR DA SILVA OLIVEIRA','altairdaso@gmail.com','2016-10-18 22:06:23'),('9700d03938a50a514ec81fe422aaae73','Wilson Berrocal Meza','ctfm02@gmail.com','2017-04-26 13:13:55'),('9701c8e450d611a6d126d0bf48520108','Vinicius Tavares Azevedo','vinicius.tavares.music@gmail.com','2016-11-09 10:51:07'),('977756f18ba1ba753a5da134e77bfaf0','Sergio Manuel Gonzalez Acosta','chechogonzalez91@gmail.com','2016-09-30 15:47:01'),('9789243899d9962594f9dbd20e90edb8',NULL,'magna@mestrado.ufu.br','2016-08-03 15:34:52'),('9794409a4c11fb59c21155a671d75684','Lucas Figueirêdo Costa de Queiroz','lucasfcqueiroz421@hotmail.com','2016-10-26 18:28:45'),('97b08f644f9e7ebb1817749ae636c985','Nícolas Romano','nic952@hotmail.com','2016-11-04 13:40:28'),('97c7f202c775a6db9c2083d23cf4adea','Leonardo Uchoa Pedreira','leonardouchoa.pedreira@gmail.com','2016-11-10 21:40:05'),('97e8525952adf6b74581660b0ac2b4f2','DEIVID SANTANA ALVES','rotacional@yahoo.com.br','2016-12-14 23:05:49'),('9812d18adb9164f660ed159ca8620da3','Andrey Alleoni Pereira','aalleoni@me.com','2016-09-13 22:01:32'),('987f3016ea54d61b6c8fd5b6278cd4fd','Neilson Castro Soares','neilsoncastro14@outlook.com','2017-05-08 16:28:19'),('990eaaee3d86a1a7ead4e45601dba31f','Jean Renel FRANÇOIS','francois.jeanrenel@yahoo.fr','2017-05-15 14:06:56'),('996e275f78c64338f806bdd06df52f89','ABNER GOMES DA SILVA','abner.87@hotmail.com','2016-09-20 09:25:52'),('99ae56bd80230bf6729bc5c447b8dfaa',NULL,'daneerj@yahoo.com.br','2016-09-23 09:18:20'),('99bcbc2e1ea0f154fa5c4f0eebe9dcd2',NULL,'lidcc87@gmail.com','2016-08-18 20:52:26'),('9a1babbf48a2d36334fbf431ccb599bd',NULL,'alessandralemos23@live.com','2016-09-28 02:21:58'),('9a3652012528316e3894deb4699982f4','ROSEBEL TRINDADE CUNHA PRATES','rosebel.prates@gmail.com','2016-10-18 10:05:10'),('9a4b875a50e27d23ff0c5d99551b8f85','larissa alves arruda','larissa123arruda@gmail.com','2016-09-12 09:34:15'),('9ab1c833831b4cc3a32b79744c8c1a31','MANOEL APARECIDO DA CRUZ','manumaticape.mt@gmail.com','2016-10-31 18:23:12'),('9c17091db9a7f6ccde11a97d2cb2a0fd','Ilton Ferreira de Menezes','iltomenezesufg@gmail.com','2016-09-28 10:51:00'),('9c56024a0f07bb94ad7147f00927c090','Ever Elias Vasquez Alvarez','evervasquez0123@gmail.com','2016-11-08 23:53:14'),('9c567679b8064a0e66cad8c08bd3592a','JOSE ANTONIO CUETO URETA','josanto007@hotmail.com','2016-10-21 09:38:42'),('9c57e82a9b087cecfec5377167b1c93d','Ana Paula Garcia Abreu Silva','apestatistica@outlook.com','2016-10-21 11:08:17'),('9c873bfc6b877e3182e18373fd7361de','Lucas Catão de Freitas Ferreira','lucascatao@gmail.com','2016-10-08 20:53:44'),('9d10337f04c1e1114d03f4676e94e1fa',NULL,'jpoliveira.edu@bol.com.br','2016-11-26 23:57:34'),('9d63aafe1da6b364f633e9120e4f5993','João Carlos Poloniato Ferreira','jcpoloniato@gmail.com','2016-10-24 09:45:49'),('9d80b5747323f66c6d1636cbcb1bac0f','CARLOS WALTER CORREA TAVARES','correa.tavares2013@gmail.com','2016-10-31 19:07:59'),('9e8a66a83fca741b4824eac6b242abe3','Jhoan Sebastián Báez Acevedo ','sebastianbaezzz@gmail.com','2016-10-03 11:37:40'),('9e90201714f921502d15f6ff41d83f66',NULL,'ronaldouf@uol.com.br','2017-02-25 22:47:49'),('9eeea1d007d91512f5ab49e2ed196946','Magna Paulina de Souza Ferreira','magna.3@hotmail.com','2016-10-27 16:52:58'),('9f3e9d7847d28ce6bb53c6ceb1ad66b3','Fernando Leandro','fernandoleandrooo@gmail.com','2016-10-03 14:07:01'),('9f8920585ecbbf88c03cda593dc43444','Eduardo Elias Ribeiro Junior','edujrrib@gmail.com','2016-10-31 14:20:36'),('9f8ba0125b646f6a15a6537b81afaff4','Maicon Luiz Collovini Salatti','luizcollovini@gmail.com','2016-11-04 10:18:45'),('a019b5ad4f2bce926b3f3134dd4bc08d','Luis Antonio Montagner Pereira da Silva','luismontagner@hotmail.com','2017-04-30 00:04:56'),('a03777d90540ae684439e0dca02afe98','Maria de Jesus dos Santos Farias','fariaspi@hotmail.com','2017-04-12 12:53:01'),('a05021e8170ca635bfaf989d84e0f771',NULL,'carloshenriquelazaro@hotmail.com','2016-10-14 18:35:48'),('a0ae5d2db050dd754ae708f643e06d56','Wagner Alan Aparecido da Rocha','wagneralan93@gmail.com','2016-10-17 15:20:49'),('a0b733e963d9187c4069280b5053afa1',NULL,'marciapmar@yahoo.com.br','2017-03-03 09:02:07'),('a0ba5503f0dde229cec6782e3a3b84d6','matheus','matheu_santos@hotmail.com','2016-08-03 15:22:40'),('a0bdf9aeb6d7c7c8ec72678b7c4b7c3d',NULL,'ENG.GIOVANALEITE@YAHOO.COM.BR','2017-05-27 21:58:53'),('a1689323b9f96cea5afdaab50567022e','Marcones de Oliveira Silva','marconesoliveira1@gmail.com','2016-08-03 01:01:59'),('a18d493f030b3ac24048025fc6609d11','Wagner Dias Alves de Souza','wagdiasalves@gmail.com','2016-10-03 15:05:51'),('a259f168de19757420a4eae55c7f9c8d','Jesus Manuel Correa Lora','jemacolo@hotmail.com','2017-05-08 15:54:28'),('a2970facf788001a394188f2cd0c91f6','guillermo aleman lopez','guiller31@gmail.com','2016-10-24 10:25:44'),('a2b214e43db360e89d5299cf92dfd058','José Augusto Pereira Nogueira','augusttonogueira@gmail.com','2016-10-03 13:48:02'),('a36ecd2b8ad6f650d7dbd38477625b66','DOUGLAS ENISON CARDOSO DA SILVA','douglas.enison@ifrr.edu.br','2016-11-01 19:16:12'),('a3ddc64b343e2b754394eb09c793d521','Flaviano José Teixeira','flaviano_fjt@hotmail.com','2016-10-18 09:07:42'),('a4403c59740bb9576c76ebdf1db05276',NULL,'angelicalilica1@gmail.com','2017-03-03 16:36:15'),('a4613772832e2aaae9b9d5c762cf4289','Elaine Cristine de Souza Silva','elainesilva.mat@gmail.com','2016-11-09 23:17:27'),('a47e19fc0a0c62a23f415e2613a1a9ea','Julieth Paola Saavedra Ramirez','jupasara911020@gmail.com','2016-10-06 10:31:16'),('a4cfd8a449ebfe3c4c60ea1744195e80','Waldy Monteiro Alves','luxwaxamor1@gmail.com','2016-09-21 07:13:42'),('a5281ea4095e0902c9db955ddde2c363','Fábio Henrique de Carvalho','fabio.carvalho@univasf.edu.br','2016-10-03 14:30:04'),('a541896b05abb0e5cd1d68bd324ce348',NULL,'wayner.klen@usp.br','2016-10-01 16:19:56'),('a5482d6d47b23ac1c5c9a5039449d3fe','Luiz Fernando de Moraes Campos Filho','luiz.filho@dmt.ifmt.edu.br','2016-10-05 11:02:52'),('a5ba7bd16c7e939029fc62b0011cdd64',NULL,'rochabs@dominio.com','2016-11-15 23:58:24'),('a5bb27851d479cc18b4a87672e1f51ad','telma da silva portilho','telmaportilho@hotmail.com','2016-10-31 14:42:59'),('a5f2924c5e47d57f18ff9fcf42b154c7','Filipe Henriques Formiga de Castro','filipe.castro@siemens.com','2016-10-11 16:58:59'),('a6577d65871e975c6ed76c61a5da869d','Gabriel Ferreira da Silva','gabriel_ferreiradasilva@hotmail.com','2016-11-15 12:33:25'),('a68c454ad5f77f17b2e6ad478e5f7a17',NULL,'donizethdanger@gmail.com','2016-10-05 23:03:50'),('a785f14260d87cfd8091cae5b6482fd5','Marlon José da Silva Mota','marlon_nakandakari@hotmail.com','2017-04-21 12:53:41'),('a7c138a73bb995816960cc16a6c5ffc1','Richard Renan da Silva Oliveira','richard.renan@hotmail.com','2016-10-17 15:18:59'),('a81063c748ee17606a44888b0e1a79b8','Lucas Antonio Nunes da Silva','lucas.nunes@am.umicore.com','2016-08-17 11:55:51'),('a8513326ba0c72a7b2056d64d2332d8c',NULL,'isaf.roque@bol.com.br','2016-09-23 19:15:59'),('a862cb90df21a983d68e3db7f1e92dce','PRISCILA DE MORAES','primoraessampa@hotmail.com','2016-08-19 19:10:30'),('a8a7398dc09ed31c4b19e546f9dc1899',NULL,'polly_germano@hotmail.com','2016-12-28 10:55:58'),('a8ba24436cfd4919781225dc89d66b22',NULL,'wo.tavares95@dominio.com','2016-09-23 10:54:56'),('a8fc4e951e50e6c26e92a13efaaf7019',NULL,'liminhaf@bol.com.br','2016-11-11 19:40:55'),('a9efc81f1101cfe9d90cb85b8226d692','Christian Alejandro Díaz García','v.kmhn2@gmail.com','2016-11-10 10:25:27'),('a9f6210fd98bd19c13720450e7b669ac','Mauro Rodrigues Rocha Junior','maurorodriguesrocha@gmail.com','2017-05-09 11:14:49'),('aa723c2bad02c4abe39590258bf5298c','jesus alberto león tordecilla','chuchojesusalbert@hotmail.com','2017-04-28 16:14:49'),('aa95b445c35599cf12be363f242f81de','Rafael Lima Oliveira','oliveiralimarafael@hotmail.com','2016-09-15 16:32:26'),('ab27f1638d71346a26d8d7b006a0cc3b','Wendy Roxana Plata Alarcón','wplata@gmail.com','2016-10-24 11:38:07'),('ac6cf97720b23a046b52e49dfcbdb031','Jaider Enrique Blanco Gamarra','jaiderwhite2012@gmail.com','2016-10-11 10:04:52'),('ac9c45770ad585954abe7572e8a29605','Maressa Perovano Michio Fraga','maressaperovanof@gmail.com','2017-05-08 16:09:16'),('ad1e609cb06767326685a4468b5c2ee9','Ronaldo José Sousa Ferreira','ronaldoj.sf@hotmail.com','2017-04-24 15:30:52'),('ad67520ec4e1106e610bdcf12b75f04c','wellington soares paiva','welligtonsoarespaiva@gmail.com','2016-10-21 09:33:52'),('ada63beb2e99431b743cfe8b25d90c70','Ronisio Moises Ribeiro','red.roni@hotmail.com','2016-11-12 12:44:18'),('ade9350cd30ebc553760f3498be65c72','CARLA ADRIANA RIEGEL','carlariegel@hotmail.com','2016-11-03 18:53:10'),('ae0d65b143ab6e7ded5b7ed26a9df0d9','Márcio Rodrigues dos Santos Souza','ma_rsantos@yahoo.com.br','2016-10-18 09:48:47'),('ae21b4f9f621ce3d593948a2e5863284',NULL,'heidirfilho@gmail.com','2016-09-29 10:05:44'),('ae6992cfea6d526be3e64712b9d26384','Cleanderson Romualdo Fidelis','cleanderson_@live.com','2016-10-21 15:58:15'),('af411443e520a37fb853c319d5ed5c3d','Matheus dos Santos Barnabe','matheus_barnabe@hotmail.com','2016-10-06 14:47:43'),('af9ee8a6040cb07b10662dfe0883ad0c','Thais Mokarzel Carneiro','thaismokarzel@get.inatel.br','2016-11-14 22:14:24'),('afa367e42cfdb408cc89670947d6df83',NULL,'jose.iraponil@ufcg.edu.br','2016-09-13 21:56:56'),('afb053be9349cd64c88cd60aac463405','Mário Fernando de Sousa','mariofdesousa@gmail.com','2016-10-18 09:50:58'),('afb81eba75600878a2ea6161d7484bc7','Xavier Antonio Teran Batista','xavier.teran@upr.edu','2016-10-13 10:12:50'),('afbb30d131ca091997e5816e91119de8','Melissa Natasha Pereira','melissanatashapereira@hotmail.com','2016-11-11 10:41:30'),('aff22edd8039eebb9ca26b37fa6238af','Barbara Ribeiro Silva','barbararibeirosilva@gmail.com','2016-11-08 14:05:01'),('b07881a72b0a140f3fecdc309776e1dc',NULL,'leprechaun81@walla.com','2017-04-03 16:19:53'),('b087e4a666671f09438981dbea7f1984','MILTON SOARES DA SILVA JUNIOR','miltonsoares133@gmail.com','2017-03-23 15:05:35'),('b0cb039982dea1a6111e106c41dd9a7a','Danuza Bermond Equer','danuzabermond@gmail.com','2016-10-31 14:10:35'),('b18d9bc3b9136eb274f6a2081176a37f','Roberto Carlos Rodriguez Muguerza','robertount@gmail.com','2017-04-25 14:18:00'),('b23ef6642fa903cf2619589295f06a9c','Rodrigo Takashi Kubota','rodrigo_kingdra@hotmail.com','2016-11-15 03:53:31'),('b273b6cd4e926421cdcc6b32dacd2cdb','valcenir do vale costa','valcenirc@gmail.com','2016-11-11 09:36:14'),('b28adb37580a3526c4a26d2bdd9bb990','Luiz Guilherme Silveira de Jesus','luizlug25@gmail.com','2016-10-14 14:41:55'),('b2c20d2a94ae5906fd7c9b6ba627d9f3','Carlos José dos Reis','carlosjreis17@yahoo.com.br','2016-10-18 08:47:48'),('b3535c4b604d40088fc11e3b720a2b61','Mariana Aparecida Fonseca de Morais','mari.ana.moraes@hotmail.com','2016-11-04 18:03:17'),('b353db62d0d80ff8e003c783f7251670','Luana Augusto Sodré de Paula','luanasodredepaula@gmail.com','2017-06-08 21:33:04'),('b395f5bc4bb1931ae101398da3e2f60c',NULL,'diego.mubarack@gmail.com','2017-03-24 11:18:33'),('b4013414686094c069a16d18031b9164','Luís Fernando Salvino','luisfsalvino@gmail.com','2016-11-10 09:39:22'),('b426cb1f7a05c62c6472dc6980cb3fd0','Kaique Ribeiro Prates Santos','kaique_ribeirosantos@hotmail.com','2016-11-10 18:12:41'),('b43cdbc745bd1bf4fb745423a40271c0','Daniel Leonardo Ramírez Orozco','daleoz2255@hotmail.com','2016-10-18 08:57:45'),('b4688a3f6ba7c2617e1a2e17203257e3',NULL,'josanabelini@hotmail.com','2016-11-14 08:55:01'),('b48e35b4f0d6fff632ff7cba379222ef',NULL,'jose.xavier.oliveira.neto@gmail.com','2017-02-21 13:41:03'),('b4aa36886091f802b7ca4e7e077284bb',NULL,'debsad2@gmail.com','2016-11-11 23:49:54'),('b4f7b21e8e8ad7be9e32f3eb6f508808','Heber Cristina Teixeira','heber.teixeira@ufv.br','2016-11-10 11:48:41'),('b57d00ef8a709a0fa07e6e426ed1ad7e','Felipe Barbosa Cavalcante','felipelamerck@hotmail.com','2017-05-09 10:03:13'),('b581b799ef9af99ce687de261d4666f4','Andréa de Oliveira  Gomes','dea.gomesao@hotmail.com','2017-05-08 15:33:45'),('b5a448838e0e6fd9c0b2dbb5a1563833','Raíssa Soares de Oliveira','melodegatinha@outlook.com','2016-11-01 02:04:45'),('b5af482d34bd063baf0eb4da26be4093','Luís Gustavo Tavares Jardim','lgtajardim@hotmail.com','2016-10-31 20:11:12'),('b5af499671aaf0c468f5c9fd7116d5cf','Lucas Gabriel Ferreira da Cunha','cunha.gunner@gmail.com','2016-10-03 14:18:09'),('b6e189dc93fab5b5d323f210735d5cf4','Jessianny Alves de Sales','jeycinhalves@gmail.com','2016-10-03 13:39:52'),('b71d157b00620830f9dfff8a33ed96fb','Márcia Richtielle da Silva','marcia.rc.unesp@hotmail.com','2017-05-09 13:35:04'),('b7fac41dba34a249bc6b418938bfdcd5','Juliana Cristina Artuzo','julianaartuzo@hotmail.com','2017-05-08 16:01:32'),('b7fe6e07215268109848707853a00554','Valéria Montenegro  Rojas','vale-amar@hotmail.com','2017-03-09 22:06:58'),('b88d23ae9eefa5bb5d8ce37292fd6aca',NULL,'ferreira_uepb@hotmail.com','2016-10-03 14:44:55'),('b8c477f590ab4d3c3315fb0682de5cfe','Emídio Santos Portilho Júnior','emidio.portilho@gmail.com','2016-10-04 16:41:44'),('b98f46d05e6e17c489ab90818099c900',NULL,'leonardocunhadossantos@yahoo.com.br','2016-08-01 10:00:09'),('b9c63713ba4ddeabbcc6a8fb95dfd330','Éder Alves de Moura','edermoura@gmail.com','2016-10-28 21:12:49'),('baace8eea888841de2b7f9de631a4c7d',NULL,'alexandredesouzasimoes@gmail.com','2016-09-19 10:58:53'),('bb00ed421050f26ef5eb86c6ae426e06','Izabela Andrade dos Santos','izabelaufs@bol.com.br','2016-09-14 22:45:18'),('bb21bfd59916c536962c154fb6e63e8b','Everton Soares Cangussu','evertoncangussu@gmail.com','2016-09-06 04:39:22'),('bb7feac7143b724702904f3c1315bc41',NULL,'liminhaf@bnol.com.br','2016-11-09 19:52:55'),('bb9c543d5bc29e8f7677302f96abccbb','Alvaro Almeida Gomez','carroloco182@gmail.com','2016-08-01 21:43:36'),('bba5d5815b374a8efcb9a380a3e0007d',NULL,'isadora.gudes@ufv.br','2016-09-29 18:36:38'),('bbf7f5c30ebace007b21410994b50baf','Fabiano Rodrigues Coelho','fabiano_icmc@usp.br','2016-10-18 09:00:10'),('bc2645e0d6027990bb897540bcd35b61',NULL,'adeilson.rateiro@gmail.com','2016-11-07 20:54:37'),('bc32883017d868472a43adb5f821b40d','Leandro Afonso da Silva','leandro.afonso@ufv.br','2016-10-03 16:51:11'),('bc36dffa1a9769fe7a0dba340765d404','Claudia Viviana Orduz Siabato','claudiaviviana.orduz@uptc.edu.co','2017-05-10 10:14:43'),('bc4fec2cf3c61f7c73364581288feb6d','Gustavo Nahum Alvarez Ferreira','gustavo.nahum@gmail.com','2016-11-09 17:46:12'),('bc52d68286ec9155f687ce95d5181bf7','Jesus Marcos Camargo','marco.s.camargo@hotmail.com','2016-10-05 09:30:25'),('bce35c531f83c3a61d65598de2c5ebd0','Juan Pablo Argote Osorio','jpmayorbison@yahoo.es','2016-10-24 09:49:23'),('bd4c271f40de82ae3ba0f3968f12ba3c',NULL,'lais-izidoro@altamogiana.com.br','2017-01-16 11:29:10'),('bdf6d60bb7521f45086382249bf70b9e','João Paulo Risso','joaormat@gmail.com','2016-11-16 17:36:17'),('be156fb23fcb71e1dcd2573582c0b352','George Absalão Pandino de Morais','georgeapdemorais@yahoo.com.br','2016-10-05 09:03:15'),('be3f8b2f427785f4f5acb8f576e1c7f8','José Alejandro Ordoñez Cuastumal','ordonezjosealejandro@gmail.com','2016-10-18 09:43:15'),('be47600cb3deb4c6d24517256c233aa7','Daniela Pereira Mendes Peres','danypperes@gmail.com','2016-10-30 18:51:59'),('be90f3dd93be85cbf67d299ce6639828','SERGIO ANDRES CORDOBA PAREJA','cordoba7andres10@gmail.com','2016-08-02 14:33:58'),('bef7c705165b131926d6c9e912be28d3','Matheus','matheus@ime.unicamp.br','2016-10-19 12:37:10'),('bf073e7f94a2900e9d2cc23e01430341',NULL,'nissia.rosa@gmail.com','2016-08-02 16:31:15'),('bfb23c56dcbecfe1d05818aa17475480',NULL,'brunopilattioleiro@yahoo.com.br','2016-09-25 03:01:38'),('bfc488e93a21bfc6cc9cdcbc200c585d',NULL,'romario_neves@yahoo.com.br','2017-03-19 21:35:04'),('bfd3f35b3f25ab064ce15b2706ee93ac',NULL,'pablo.cruz@correounivalle.edu.co','2016-10-06 09:35:47'),('bfdb95e3f453d46ab596009632ba0043','xander cortez  pinzas','xander22cc@gmail.com','2016-09-30 17:24:12'),('bfed27b9e760f28e7389668c866f89a7','Maria Cristina de Oliveira','cristina.cristina2311@gmail.com','2016-10-13 10:42:57'),('c02c1be146f64126328ff0f3aa02ee6d','Gabrielly','gabrielly@ime.unicamp.br','2016-08-12 10:52:46'),('c0ded0326cc45e7f94b200e33e15462f','thais cordeiro leite','thaiscordeiro@yahoo.com.br','2016-08-22 22:15:32'),('c11ed2f6e41450b4e8565ca1d0d0adab','Thiago Nascimento dos Santos','tnsthiago2005@hotmail.com','2016-11-17 12:50:10'),('c1254414e7149ad4f645032f8aff1573','Eveline Lara Oliveira Reis','eveline.lara@hotmail.com','2016-10-03 14:09:27'),('c148ee79134ffa183846ae17a00128cd','Karina Navarro Gonzalez','k.ri.65@hotmail.com','2016-10-29 19:30:55'),('c159434b29d9d9aaebada671240d1097',NULL,'biofarma2006@yahoo.com.br','2016-11-07 22:08:54'),('c16d40d00072c82339c55b84177326b4','Liliane Gamper de Souza','Lgamper@msn.com','2016-08-04 09:33:31'),('c1baa824f2aae4c95b38519fce9cff9d','Mateus Figueiredo de Souza','mt-figueiredo@hotmail.com','2016-10-13 20:08:25'),('c1e39527ccc407a605af9fc2a52d7c63','Deivid Rodrigues do Vale','deividrodriguesvale@gmail.com','2017-05-08 15:44:48'),('c267d133732a358d94ff28006861fe01','Eliciany de Nazaré Miranda Sanches','any.mirandasanches@gmail.com','2016-11-04 03:02:00'),('c340224e7bb78abae722438620109752','Guilherme Tavares da Silva','g119509@dac.unicamp.br','2016-09-29 11:30:44'),('c3a5d4f399556067e2c86f5dc6f3ae31',NULL,'juliocash1992@hotmail.com','2016-09-21 15:11:41'),('c3b9e7352e0865d19ac741dd9534d206','Matheus Silva Costa','matheus.silco@gmail.com','2016-10-03 14:16:37'),('c3d0033ee9b7cb209ce30f27bc8bf2df','Reriano Calois da silva','reriano.calois@gmail.com','2016-10-04 14:55:55'),('c3f0d5e0ce20209c7eb6bbc0e63bce82','Lucas Vinicius Limas da Costa','lu_cas2010@hotmail.com','2016-11-14 18:54:02'),('c3f4db9961216cd3681813bc228eccbc','FELIPE MAIA DA SILVA','felipemaiadasilva@hotmail.com','2016-10-21 09:32:53'),('c4463bc606570e39822bb709362ba71a','LAIS PINHEIRO DA SILVA','laispinheiro48@hotmail.com','2016-11-07 22:38:02'),('c45bc98a61ddee56f88e8c39276f92a8','Evandro Costa Ferreira','evandrocf4@gmail.com','2017-01-27 20:13:41'),('c4beb24845622755b21811535e489f00',NULL,'flaurenteblanco@gmail.com','2016-10-16 01:33:12'),('c4d5fc1638bff999d2ca854e979f5584','Vinicius Gomes de Oliveira','viniciusgomes8.VG@gmail.com','2016-11-15 11:38:43'),('c4e890ad6507b4ed24e0963677b26d23','RAFAEL TOLEDO AMORIM','rraffael.amorim@gmail.com','2017-05-09 09:21:07'),('c50b73f2a334a2988ca673be5d9c95ec','Rafael Felipe Queiroz','rftq96@gmail.com','2016-11-11 13:13:55'),('c565f257cc153cb35e02b84a87d6613a','Alessandra Gazzoli dos Santos','agazzoli@yahoo.com','2016-10-18 08:39:58'),('c5819a85195b549275378f8461dd2e8c','CHENIA HANISCH DE SOUZA','cheniahanisch@hotmail.com','2016-10-30 22:56:47'),('c5ec5fecd52ecef8908c7aa23b9e1a34',NULL,'deborahelayne30@gmail.com','2016-08-18 10:50:36'),('c628dcce44b4e2b374ef88d2562548be','Taís Aparecida Alvarenga','taisalvarengaufla@gmail.com','2016-09-19 11:39:10'),('c682b7d0f6cafc164f79b54001997d11',NULL,'odairfilho@live.com','2016-11-07 17:40:20'),('c6a706ee1d797d06375a62091303d5da','Mariele de Freitas Osti','marieleosti@gmail.com','2016-10-05 11:25:21'),('c7b4067544febb52e0bc47fe569bfe0b','Carlos Henrique Venturi Ronchi','carloshvronchi@gmail.com','2017-05-08 15:36:35'),('c7dfa73d2e645ee0e6261dd4ee77e7e0','John Alejandro Delgado Amen','jdelgado@unicomfacauca.edu.co','2016-10-18 09:40:02'),('c8a2a74a97f7673832ddd82d41a789de','Cátia Michele Tondolo','catiatondolo@gmail.com','2016-10-18 08:52:34'),('c8f9f05056c3be47c35a21bc62550856','Luis Carlos Cuani Junior','luis.cuani@usp.br','2016-10-06 20:49:30'),('c927af6192aecc7244a94d6a0c8fa529',NULL,'eduardo.kzk@gmail.com','2016-08-15 22:07:21'),('c9527de9de6ed095917981a007cc7628','Adi Pari Zapana','dia15_shanely@hotmail.com','2016-10-03 15:21:04'),('c9c1cc6bb0ab001d951b222d2d30c394','Luiz Carlos De Brito','luiz_c_brito@hotmail.com','2016-09-29 20:46:57'),('c9ff40d1f108a5011902b34056d48cdf','Osmar de Matos','matosoma@schaeffler.com','2016-12-05 08:50:52'),('cad1f321f0344803d90bbff83a44532d','Cristiely Gomes Pires','cristiely.gomes.p@gmail.com','2016-10-21 16:23:56'),('cb03b1676f9c3cb240bf52ae931764b2','Ana Cláudia dos Reis Valentim','anacr.valentim@gmail.com','2017-04-24 14:53:39'),('cb183e3e5672e44191ee8ee2ef239bfe','Angelica Peripolli','angelicaperipolli@gmail.com','2016-10-18 08:44:59'),('cb2ca1e60faa0e206487182adde8f7b5','Fernando Carlos Araújo Rawicz','fernandorawicz@gmail.com','2017-01-31 13:12:59'),('cb3a9ac7c48163bc7971e797566cbf76','Elen Michele Rodrigues','elen.rodrigues@ufv.br','2016-11-15 20:39:11'),('cb618a77e14b88a8d273ce8d486bedf8',NULL,'elibarros1126@gmail.com','2016-09-26 11:56:57'),('cb7976cfe72a30d864438b43a1d15b9b','Jose Pedro Rodriguez Ayllon','jproay@gmail.com','2017-05-04 15:35:17'),('cb83e1a04459f2ee7ec5c880751b9b8c','keeyne Rodrigues Borges','prof.borges10@gmail.com','2016-10-31 15:27:06'),('cc214e397275fb01a63da425039b0812','Osmar Siqueira','osmars4@hotmail.com','2016-10-17 11:27:21'),('cc76604de0fd56a0756da104a2dae3e1',NULL,'cesar_pimentel82@hotmail.com','2016-10-31 23:54:17'),('ccb6d5a10dc91c9e9eab1efe88ed7530','Tiago Alves Pacifico','tapacifico@outlook.com','2016-11-09 11:29:13'),('cd11e5d438da569ed2958c6b6a145ab4','marcelo leite alves wanderley','marceloleitew@gmail.com','2016-10-10 14:56:36'),('cd28c8ba66879e908110a5dcf2a5c1bd','Bruno Doria Milanez','doria.bruno00@gmail.com','2016-10-11 18:44:23'),('cdd2a5926929d62434925490d806859c',NULL,'erasmotales@hotmail.com','2017-02-27 16:57:54'),('ce2f2db049c23475c36285c1814cef33','Patricia Travassos Craveiro','pattytcraveiro@gmail.com','2016-10-31 22:59:09'),('ce601d4263fa7e88312aabee1fb62025','MARCILIO RAMOS PEREIRA CARDIAL','marciliocardial@gmail.com','2016-09-13 10:37:44'),('ce7526ab8125e07d786db64d968a1af8','Wellington Marques de Souza','tom_ms_legal@hotmail.com','2016-09-23 10:13:18'),('ceac498cdddd0cd7eaae443cf7fd0c88',NULL,'kawazs@gmail.com','2016-09-30 17:09:49'),('cec021a7b26aaf68d317a7dfb050556f',NULL,'lipeabdalla@hotmail.com','2016-10-13 10:33:24'),('ceff12c0e03b5b92e6d9108f5591483b',NULL,'victor.radich@yahoo.com.br','2016-09-30 17:04:12'),('cf2019383c1cf1f62a5d9f63bef39951',NULL,'adisontsf@hotmail.com','2016-09-27 11:34:15'),('cfead41759607ed7faf8f2c2284c84eb',NULL,'victor.radich@raizen.com','2016-11-03 17:47:50'),('cfef1658e76ad38648d36b85e32cd382','Weslley Gois de Andrade','weslley.gois@yahoo.com.br','2016-09-26 11:54:16'),('d0f9bef9849a2dccfdc17de11d7dc2f6',NULL,'bruno@cavalcante.mat.br','2016-10-07 09:54:11'),('d127c4bb6e972d365cc38d9caf7c2308','Patrícia Keico Barszcz','patricia_barszcz@hotmail.com','2016-10-24 11:05:56'),('d1a73ce4bd35489b6ab977370b4c5afc','Denis Fernandes da Silva','denisfer.unesp@gmail.com','2016-10-19 11:43:23'),('d1b8d2aa4233ed846ec920b8e7f8dd51','David Daniel Ramírez Da Silva','tresd01@gmail.com','2017-05-16 08:50:24'),('d23945e2d1596f9b6620cbb9e91b3a7e',NULL,'tochalucas@gmail.com','2017-02-06 13:48:18'),('d2f173f76536b396001583f20d3e6843','Túlio Joaquim Altoé','tuliojaltoe@gmail.com','2016-10-04 14:03:11'),('d32ecf272d3788341c753d53585f8ff4','VANESSA MIRANDA OLIVEIRA','vanessa2miranda@yahoo.com.br','2016-10-24 11:35:31'),('d39f99b5633d38d1a4dcf34b246a4773','Mariana Queiroz Velter','marianaqueirozvelter@gmail.com','2016-11-10 12:47:37'),('d3e02af9ec4617686545bfa1d55e3c92','Joan Guastalla Arruda','joan_guastalla@outlook.com','2016-10-04 14:37:09'),('d414501ae7583fc2c6dca0d7eb115dbc',NULL,'mayaracgb@hotmail.com','2017-03-06 18:25:10'),('d44cff9dd8b66311c3dd92c24814ea46','Anderson Ervino Schwertner','andersonschwertner@hotmail.com','2016-10-26 13:25:17'),('d45ac0438bf37a5e1ddac176330cf726',NULL,'edevaldo.mat@hotmail.com','2017-03-28 07:32:25'),('d4a13a8ba2fa80ab2f89622717beeb23','Marina Batistelle','marinabatistelle@gmail.com','2016-10-14 14:52:18'),('d4a4560df8707e114987b5ddf65fff5b','Gabriel Silva Delgado','gsd2005online@hotmail.com','2016-10-06 14:35:26'),('d4e4eaacb8dc2bedf440b1eceeed1c5b','SERGIO ANDRES CORDOBA PAREJA','sergio230_@hotmail.com','2016-10-03 11:18:29'),('d59607096bc7534aa00cf48ada565889','Pablo Cescon Portes','pablo.portes@hotmail.com','2016-10-18 09:57:18'),('d5bae98f5edb7ef04f9db01f6c85fc0e','Elaine Fabíola Soares','elaine.fabiola@gmail.com','2016-10-11 16:32:27'),('d5e4e80c22b985dbc996d576f53fc96d','David Ricardo Barreto Lima Silva','davidricardo1985@gmail.com','2016-10-04 14:06:39'),('d5f8e37eef9ecf518a45d8e57c5d5d6e','Cindy Leal Lima','cindyleallima@gmail.com','2016-09-30 15:14:52'),('d61b3f0d5a3b800f14f1fc8606e16028',NULL,'jose_2012_93@hotmail.com','2017-03-24 22:22:50'),('d6ed5a7208883ef135b2373b440853b4','Jailson Oliveira Dias','jailson.o.d@outlook.com','2017-04-26 08:06:09'),('d6eddaeac59d6c5fb289f05f657e59ef','João Marcos Ribeiro do Carmo','ra180586@ime.unicamp.br','2017-04-17 16:00:11'),('d72551086c190c631cfa870dc6707972','SAMUEL SILVA DE PAULA','samuelsilvadepaula@gmail.com','2016-10-30 13:09:51'),('d744f241a5bd742dd1bd37e70556f00c','Abner de Mattos Brito','abner.demattosbrito@gmail.com','2016-10-04 14:02:27'),('d74e8c1363fd274d5e4164ecccb7810c','MATEUS ROCHA VIANA','mateus.rocha.viana@gmail.com','2017-01-18 20:26:21'),('d786f2ef1037d59ce9149c017b09d1c1',NULL,'pdhuillcalev@gmail.com','2016-10-01 00:37:25'),('d826dbf3d9200a332b1ab411a6a11d9b',NULL,'melany.mejia@uis.edu.co','2017-04-25 15:49:14'),('d82cfe8dee409d23b012cd1f17c0ed3b','Tiago de Azevedo Marques Tozzi','proftiago@yahoo.com.br','2016-08-21 22:15:00'),('d871be96656173f9f752b82165787657','Andryelle Batista Vieira','andryellevieira@hotmail.com','2016-10-21 11:14:36'),('d8ef1b5bd7a505cb379d9ac5f29a55fe','Diego Augusto Frizo','diego_frizo@hotmail.com','2016-09-15 10:37:41'),('d92019741fab5d216f8895abfe9bf684','GABRIEL SILVA SANTANA','gsantana.mat@hotmail.com','2017-05-09 09:10:09'),('d933ec13fbf86fa65e78b5b38d83dfe3',NULL,'brunno.engminas@gmail.com','2017-03-25 22:39:06'),('d9390a19867bbb05a3b02cd40259455a','MARCELO MESQUITA DE SOUZA','marcelomontesclaros@yahoo.com.br','2016-09-02 00:18:03'),('d9f3100515281c0d88fbe21329289ab8','wington de lima vital','wingtonvital@hotmail.com','2017-05-09 16:46:01'),('da0a91beee710b42cc156290c510d9b0',NULL,'mayara_01@yahoo.com.br','2017-03-06 19:37:18'),('da7a56be853f8db7d8f257e48b99d96f',NULL,'alienwesley@yahoo.com.br','2016-10-08 11:29:07'),('da9839827831243b871393fb8a22b092','Charles Ferreira dos Santos','charlesferreira01@hotmail.com','2016-10-03 11:33:44'),('db11dd27794536697485bbcf86471cdb','carina moreira costa','carinanpi@hotmail.com','2016-10-10 14:39:46'),('db52f60fe840cb4e47b62c15ee0610d4','Douglas Lucindo Pereira Ghiotto','ghiotto.douglas@gmail.com','2016-10-03 10:55:20'),('db68985de167a7d44640fcb5cd9ae4e9',NULL,'romuloemb@hotmail.com','2016-10-17 21:20:03'),('dbdaf89c10e9e3f630cb69efe1189152','Ana Paula Magalhães dos Santos Oliveira','anamagasantos10@gmail.com','2016-10-05 14:59:32'),('dc3674d877b02496bdf304832492b632',NULL,'krisbezerra@gmail.com','2017-04-26 16:36:10'),('dc8633724cc8f93e44f3bb62b49c61c8',NULL,'anderson.asr02@gmail.com','2016-09-26 22:52:32'),('dca96bdaa65c76ad4e77c950359981ef',NULL,'carina.fisica@gmail.com','2016-09-19 19:24:44'),('dcb14ec452dfd54a6fe907cbde977e99','Murilo André de Jesus Zigart','murilo.zigart@gmail.com','2016-10-03 14:36:38'),('dd2156e67187fcb7c5c4a3a42eb074c1','Vinícius Freitas de Oliveira','viniciusfreitasoliveira@hotmail.com','2016-11-13 00:46:53'),('dd2f77a5759d29ae59beeef065afad7b','Delcio Leandro Amaral Miranda','delcio.lam@hotmail.com','2016-11-12 19:54:57'),('dd6020dc33362758846b13693bdd395f',NULL,'brunopromano@gmail.com','2016-10-28 11:45:58'),('ddc51baa5f05d45886426521285ebf8f','Lennin Mallma Ramirez','lenninmr@gmail.com','2017-04-27 10:52:19'),('ddf7f74f352f28d87d12c4c0fa5c04de','Veralucia Carvalho dos Santos ','vcslucia@yahoo.com.br','2016-10-04 22:50:24'),('de0bbb0cff479d3c5af034dab0bfba57','Rosângela Assis Pires','r04assis@gmail.com','2016-10-21 09:39:49'),('de929fb00edd034e6ae21aaa26ad83d9','Thayse Iara Manarin','thayse_iara@yahoo.com.br','2016-10-31 13:12:42'),('dedb30716c9b9fcf91d139b61d490b90','Lívio Leandro Avelino de Oliveira','lyvioleandro@hotmail.com','2016-11-04 13:47:47'),('df04157b66c3d996c34e4e114522e2f7','Jaqueline Lopes Dias','jaqueline.j.l.d@gmail.com','2016-10-24 09:43:27'),('df4803cff8c16f18f00887aa282c878e','Kayque Pereira da Silva','kayqueufvjm@hotmail.com','2016-08-15 10:06:24'),('df5e98e422bb91b50ff7e010ee6bbc4d','Nathália Nogueira Gonçalves','nathalianogueira208@yahoo.com.br','2016-10-05 14:40:25'),('df722d76c0eb380bb91f026c69876cce','Vanessa Mengui Ochi','vanessamengui@live.com','2016-10-24 11:33:56'),('df9bc702e02db85c14962d925ab68c1c','FARAILDES SILVA DE SOUZA','fazinha.188@gmail.com','2016-11-12 20:33:43'),('dfb0257a9016b5a417ced510ee4aeff0','Thiago Bezerra da Silva','t.bezerra@live.com','2017-01-13 15:16:34'),('dfb1efce093a0b70328ac0578bf00877',NULL,'manaussonia@gmail.com','2016-10-10 19:16:36'),('e00c3f88e65ced9b413fbb074aef7510','John Alejandro Delgado Amen','alejo8085@hotmail.com','2016-09-30 21:04:21'),('e07e696460a615ae44c7fd6d7d02f278','Gabriela Servidone','gabi.servidone@gmail.com','2016-10-06 11:00:52'),('e0b8d44cd9386c659ae2f487078c9114','Renato Júnior Moreira e Silva','r118556@dac.unicamp.br','2016-10-03 14:02:10'),('e0cc3333e85d6b8b3b0c2e7fd0a758ca',NULL,'quimicoung@yahoo.com.br','2016-08-26 21:17:20'),('e12c3c3993666d6ee005a238ce3eb662','daiane maria lermen','dayana-m3@hotmail.com','2016-09-08 15:54:44'),('e19747b920466ea53efa8584721db78d',NULL,'maubandeira93@gmail.com','2016-09-08 14:47:02'),('e1a16721b358f3ee44686934daf013ef','Pedro Luciano de Oliveira Gomes','pedro_log@hotmail.com.br','2016-10-24 11:07:18'),('e1d784231b8864db8088d5691b09bdaa',NULL,'rutinha-claudio@outlook.com','2016-10-30 00:32:21'),('e1ef06df4f4a6d9d744a223c34b36c8d',NULL,'adne.adenice@gmail.com','2016-09-06 11:23:52'),('e24dd08cb1b6b3a374d2ead898fe0e61','Edilaine dos Santos Duran','edilaineduran@gmail.com','2016-10-28 14:39:58'),('e2567d8b743cf8d6d7a2df40b721c9e2','William Braulio Silva Sousa','sousaw001@hotmail.com','2016-10-25 21:06:28'),('e2be2e868d322a327540ea94e006228e','EDHIN FRANKLIN MAMANI CASTILLO','edy.f.cas@gmail.com','2016-11-12 09:42:14'),('e332061483c7e8778d1a49d0a0260379','Eduardo Rosendo de Lucena','edusino18@gmail.com','2016-11-04 20:30:17'),('e3a2abaedd312d3bd306ad042b6112c0','Hugo Alberto Galeano Anaya','huzahir@gmail.com','2017-04-28 16:45:22'),('e3cfbb395a130157437667c2b0e714fa','LUAN VINICIO DE MATTOS FERREIRA SILVA','luanvmattos@gmail.com','2016-11-08 16:06:00'),('e4876ef21b27c0c8d8cb03db0d8abba5',NULL,'priscillacodeco@hotmail.com','2016-11-23 10:55:54'),('e4d475dd7ee752f5bf3632311037df65','Karine Gonçalves da Fonseca','karine-1993@hotmail.com','2016-09-26 20:43:59'),('e4e12decfd957cadd048ed64bf5a1eca',NULL,'filipe.hfcastro@gmail.com','2016-10-11 16:39:08'),('e4ff1fcc1f8f8ed85d8887b9ce3b0d24',NULL,'starcellcelulares2008@gmail.com','2016-09-29 12:52:19'),('e59b671a622b03362067815aa927aab0',NULL,'muka_pires@hotmail.com','2016-09-20 15:20:06'),('e59e16b234fdccfb1c6dcd7f1fa55be0',NULL,'wlademir@ctr-cps.com.br','2016-09-26 10:32:21'),('e5d781fcac4afcf6cc84eeddfbc35a27','hugo calegari','hugo16calegari@gmail.com','2016-11-11 11:09:00'),('e5ece63574434edff9bbb3af389fe627','francisco de sousa coelho neto','f181987@dac.unicamp.br','2016-11-10 17:35:58'),('e5fb354d42bab0b7b721fa7d0fa97b53',NULL,'alinejaqueline.o.a@gmail.com','2016-10-05 22:12:15'),('e5fc3154a9b404a609dcfdd1015bfb81','Amauri Hideo Saijo','amaurisaijo99@gmail.com','2016-10-31 18:40:25'),('e680c9328e6d6a3552c187c664f6dcf7','Marcos Borges de Oliveira','marcos_borges_oliveira@hotmail.com','2016-08-18 15:50:09'),('e6ab90fd2aa727560b70fbdb53e1e72b','Reginaldo da Silva Souza','reginaldo.s.souza44@gmail.com','2017-06-06 11:32:52'),('e6e3624a9003206b359e172d57def220','Mateus Pereira','mateusp11@hotmail.com','2016-08-10 12:37:59'),('e6f569c83ee65c244304ad92c607bf57','ALINE MORAES E SILVA','ali.moraes02@gmail.com','2016-10-31 22:44:35'),('e7072513e994e8380a325129e78e90ef',NULL,'m147422@dac.unicamp.br','2016-08-01 13:03:50'),('e71dec4321528b1e4a9f88f13c82d30a','Francisco Venicius Ferreira da Silva','fveniciusfs@gmail.com','2016-10-14 14:44:13'),('e75bab6d490edf8ea4d87462980a792f','Jackeline del Carmen Huaccha Neyra','jacky_157_93@hotmail.com','2016-10-05 09:14:03'),('e7b1a336aba5384b93b15d465d90489b','Teste','posgrad@ime.unicamp.br','2016-10-31 11:35:38'),('e7c434c0253b939a080dabbdb215c4fe','Pedro de Melo Garcia','pedrodemelogarcia56@gmail.com','2016-09-05 13:13:28'),('e82fa8d679da81a789c03527efd51779','Cauim de Souza Lima','cauimsouza@gmail.com','2016-11-04 17:07:55'),('e84eed4a6c6dd9936be5019cd6cacd58','André Felipe Araujo Ramalho','4ndreramalho@gmail.com','2017-05-09 09:43:54'),('e864cdfe4495ef682e59e8a0cc88c2cc','Ellen Cristina de Sousa','ellen.sousa@gmail.com','2016-10-30 22:59:52'),('e8733860cfa76249949b3a77481afb37','Erika Nobetani','erikanobe@outlook.com','2016-11-30 16:53:56'),('e93d99c5abe389454f152e4b2dd9b0eb','Juliano Rian Custódio Malta','julianorian2009@hotmail.com','2017-04-18 13:40:57'),('e9cd488f1dc22103a306c9bd3ff49309','Alexandre Silva dos Reis','alexandre.silva.reis@gmail.com','2016-10-14 14:08:14'),('ea080a063ba6e7c4602f8bcfc512ab2d',NULL,'tayanne_op@yahoo.com.br','2016-09-20 09:10:48'),('ea2314c307e967fb832c3cbb904df1d0','Gustavo Gianotto Bratfisch','gustavo@bratfisch.com.br','2017-05-17 13:39:12'),('ea2b22cd9c4ab45910232ed74a072abb','Milton Lobo Natali','miltonlnatali@yahoo.com.br','2016-10-24 10:13:57'),('ea53723bf5e5bd48518b69a4b085b887','Vinicius Raniero Angelo','vinirani@live.com','2016-12-03 17:49:40'),('ea976c776c50889bb0cf423297ab7733','Marcos Antônio Sobral Filho','sobralmarquinhos@gmail.com','2016-10-11 15:32:07'),('eacd726872f8a9940180d536058b2c80','Nilmara de Jesus Biscaia Pinto','nilmarabiscaia@gmail.com','2016-10-31 14:07:29'),('eb1b6a85fe7c6f70cc993bca5e4a122b','Lucas Quaresma de Negreiros','negreiro_@hotmail.com','2016-09-29 14:25:15'),('eb3932e499268a73bd874d0c0d145dd0','Jarbas Alves Fernandes','jarbasfernandes@gmail.com','2017-05-11 14:15:54'),('eb84ce55949cecb5f76e62318f045f1b',NULL,'rnvneto@bol.com.br','2017-05-29 20:48:21'),('ec8c2c80c7ec55b94c1d72ce7f147d45','BRUNO SOARES DE CASTRO','bbruno1988@gmail.com','2016-10-21 11:29:37'),('ecbd7916e1c0224214e402c97ed526a6',NULL,'rfllerena@uce.edu.ec','2017-03-07 04:11:22'),('ed0a71c2bce9b86d7272873cbdf48b60','JHONE LIMA SANTOS','jhonelimasantos@hotmail.com','2017-05-08 15:56:50'),('ed0ab4f862c324e58b35fe43db476a73','Juan David Londoño Acevedo','jadeangora@yahoo.es','2016-11-06 00:15:33'),('ed324232f79f4806bd3092dc28561ee4',NULL,'ramon_oliveira2010@hotmail.com','2016-09-02 21:01:30'),('ed7360bc3b6ab8a53bd9ff95fbc22a8d','Mateus da Silva Pardim','matsilva.silva@gmail.com','2016-11-15 15:31:20'),('edc7cff2f7aef52cdd5c3195f8ed809f','RENATO DA SILVA COUTO','renato.ccb@hotmail.com','2016-11-12 07:35:43'),('edcb323c4e143232d1eedc1642454c25','Francis Lorena Larreal Herrera','francislarreal@gmail.com','2016-10-03 15:52:29'),('ee947dd261ade25cb5d93e813e758c6c',NULL,'guille.villa.vc12@gmail.com','2017-05-05 09:16:41'),('efd4e0199cb32b9f8e4c3ad30b874d94','Lucas Pereira Viana','ludajpan3@gmail.com','2016-09-11 01:59:41'),('f01a9d54fdf6e5b8a9632ad3e3fc19f9','Eufélix Monteiro Mauricio','saft_emm@hotmail.com','2016-09-30 10:51:16'),('f057a5e3daf867d5f291a7b5c21c31bc','Mayara Duarte de Araujo Caldas','mayaraduartecaldas@gmail.com','2016-11-09 11:29:39'),('f062782454815d5e12a8e7573132b236',NULL,'irving_1008_2@hotmail.com','2017-04-26 18:00:48'),('f07609e0020ccf2658805653b7bde5c8','Gabriela Colovati de Almeida','gabriela.colovati@gmail.com','2016-10-04 17:18:46'),('f07a6b071a410ae1430d6b6f47e8eae5','WESLLEY JONH BARROS SILVA','weslley-jonh@hotmail.com','2016-09-01 15:44:41'),('f0d1e05a6c99c5ec5955baf8146a39dd','Fernanda Alves Caixeta','fernandacaixeta@outlook.com','2017-05-08 15:46:53'),('f0db16dd2f22421137c8be09b79da692',NULL,'relalier@gmail.com','2016-09-29 23:47:56'),('f0f3fc27f25a9717611043cc5eae7e1d','JÁLIO ARAÚJO DA SILVA','jalio27@yahoo.com.br','2016-10-31 18:43:03'),('f27e7a5c54cf93093d59998f9fda98de','Carlos Andrés Vargas Oyola','Cavargaso@ut.edu.co','2016-09-28 09:56:52'),('f2eb5c6eed326c7ba7dd1851800b98a3','Edemar Appel Neto','nettoappel@hotmail.com','2016-10-24 08:45:38'),('f31c512936915abaaf3b9f8528173fab','Heydy Melchora Santos Damian','melani_heizhi@hotmail.com','2016-10-04 14:20:46'),('f37a545a48c014916797ccd9fc74ba88',NULL,'wingtonbital@hotmail.com','2017-05-05 11:20:30'),('f392459f8912d1c7b8ac21716a65dac7','Antonio Franklin Oliveira Gois','afo.gois@gmail.com','2017-06-11 20:19:18'),('f3ccb009b785677c8e5f5f70c43d08cb','Fernando Silveira Alves','fernando.alves@ifms.edu.br','2016-10-14 14:53:51'),('f3d67d82cd38c5a8f69da9ef6048e989','Bruno Alexandre dos Santos Ramos','alexandre.atuario@gmail.com','2016-10-21 11:22:49'),('f475c5b8a789a84f738515b0f9144cae','ALEX SAID FLÁVIO DA FONSECA','alexsaidflavio@yahoo.com.br','2016-11-03 10:40:25'),('f5172bcb2a5c0cb419f43caaa523fb55',NULL,'danielipereira2012@bol.com.br','2017-01-19 13:07:28'),('f54ba2d2497856f995b5b03d64282b64','Rafael Moreira Silvs','rafas2050@hotmail.com','2016-10-14 14:59:14'),('f55ea2b8edfb12720fb2220aaf31c90b','Amélia de Lorena Stanzani','alstanzani@gmail.com','2016-11-07 14:53:29'),('f5a95bf28becb9334837b0b094917568','Alejandro Otero Robles','alejandro.otero@correounivalle.edu.co','2017-05-08 15:31:45'),('f5e75e53eb806aa972812f491ee91718','Wender dos Santos Lagoin','wendertnb@gmail.com','2016-10-05 14:57:25'),('f60bd2986937d491abf08e537937036c','Cicero Paz de Carvalho','ciceronapaz@hotmail.com','2016-10-14 19:23:12'),('f6340a04054c1bd4458209b8dce4b3e2','Marcelo Sávio Ramos','marcelo.savio.ramos@gmail.com','2016-10-24 10:07:57'),('f64afe5823abd8436a35b47c9880c6d5',NULL,'guilhermedalalio@gmail.com','2016-10-13 13:48:32'),('f64f726901c30f5e6d978899ef6d161f','Eduardo de Souza Junior','eduardo_vce@yahoo.com.br','2016-11-15 21:33:39'),('f658ea5b93122de351547d785a8d4c81','Carlos Henrique Silva Alcantara','carlos.henalcant@gmail.com','2017-05-09 09:48:59'),('f66f0f61ea9753c8bc0acd01cbb8d714',NULL,'eufelix.mauricio@ifes.edu','2016-09-27 20:40:59'),('f6f8064067c12b55a3a50faabad12752','laise dias alvez araújo','laisediasufcg@gmail.com','2016-10-03 15:20:19'),('f6ffc6de3098aea13136c007297c8361','gleicy taires jordão dos reis','gleicytaires@gmail.com','2016-10-28 18:06:37'),('f70ed1b5731722c9d98aa1ce5d8263bb','HENRIQUE WAKIMOTO DE ALMEIDA','h169663@g.unicamp.br','2016-09-16 16:47:04'),('f76666428571549d0aee2d0523e0a466',NULL,'franciscommcastro@gmail.com','2016-09-28 03:21:46'),('f771fa26f609738bd0ab05000edadff9','Alexandre Henrique Afonso Campos','camposalexandreh@gmail.com','2016-09-20 11:35:46'),('f7af2a9d078676c89c08bbe4769bca78',NULL,'dri.nicoli@gmail.com','2016-09-27 00:42:29'),('f7b88115cd71baf034c124905cdc726e',NULL,'hega.goba@gmail.com','2017-04-12 17:16:40'),('f7d6e9d4265856f4009c46e3f46e41c1','José Raphael Choquehuanca Palomino','josedekeane@gmail.com','2016-11-10 13:42:18'),('f80dfd63d89b1ae792f0099f01c3584e','Raul Lima','raul_lyma@hotmail.com','2016-10-06 11:31:43'),('f83c22dcbf2e8a03a265711475ceb7ef','Marcielis Espitia Noriega','maresno@gmail.com','2016-11-05 01:22:02'),('f84e9fd8edd731d7eee1ee8951b1a54b','Junio Rocha de Oliveira','junrocoli@gmail.com','2016-11-15 21:01:20'),('f88166766b159f358e39bc8fd686e3b0','Rogerio pereira amorim','rogpamorim@yahoo.com.br','2016-09-25 13:31:28'),('f9b2043c0eca7da34ea166e96b89b239','Carla Regina Gonçalves','carla83goncalves@ymail.com','2017-05-09 09:07:34'),('f9e018610cf8716b7a85314cfc432800','Ana Karoliny do Carmo Xavier','ana.karoliny2@hotmail.com','2016-11-15 18:36:30'),('fa46cc7520e3ee2170d8c029c06aac79','Douglas Bispo dos Santos','douglasbispo86@yahoo.com','2017-04-25 11:19:45'),('fa6918939f659832391fd38255a92e73','Rivane Brandão Pinheiro Viana','rivane2009@hotmail.com','2016-11-10 15:07:25'),('faba028d2f91d7a686360b954599fbe3',NULL,'allan_gomes17@hotmail.com','2016-09-17 10:02:45'),('facc8c729ada2e6fa491dfdc51367556',NULL,'SARISFERNANDO@HOTMAIL.COM','2016-09-16 10:02:35'),('fae92b55e31cac9332ec5037e3bcf2b1','Tito Alexandro Medina Tejeda','talexanmedinat@gmail.com','2016-10-04 17:09:17'),('fae9ce1e616f99a9df8181bf8743297f','Humberto Gimenes Macedo','gimeneshumberto@outlook.com','2016-11-12 10:34:45'),('fb037c4d7045da88ad450bd9fe47076a',NULL,'fabiogr@gmail.com','2017-05-29 11:14:15'),('fb504313f368320e789fe1df282f7280','Marco Ubaldo Diaz','rodolfo@ime.unicamp.br','2017-07-18 17:23:48'),('fbaa26b9175746bde586569c1e9613ed','Renan Padovani Metzker','renan_metzker_@hotmail.com','2016-10-26 17:24:18'),('fbebc91c26d3f3a68716fe77b4220fd8',NULL,'lopes1313@gmail.com','2017-03-31 16:22:02'),('fcf40a35d759787e85cc77a9196a4234','Luiz Pedro Corradini','l136746@dac.unicamp.br','2016-10-04 10:22:21'),('fddb9ce523862795b7f36de41175a623','ANDERSON FELIPE PENAGOS ROJAS','anderfelep_44@hotmail.com','2017-03-28 17:13:29'),('fe2b1413d95563fafb048e606c92ebc6',NULL,'jessebarbosa88@hotmail.com','2017-03-27 10:22:51'),('fe424ab5ef118bfe64ca46ca15b1f4f6',NULL,'anakarolline@hotmail.com','2016-10-20 10:24:12'),('feae5c6a3e4c08e1693cf85f6183fc3f','Carlos Eduardo de Oliveira','cadu.oliveira@ifsp.edu.br','2016-10-04 15:39:06'),('feb83a878c625024adf231bd154f6df6','Caroline Madureiro Silva','carolmadureiro@gmail.com','2017-03-28 17:05:25'),('feed9411c2e3e7ec494209312b4e1a17','Jose Carvalho de Oliveira','zecka52@ig.com.br','2016-10-30 22:07:15'),('fef6608e0016fc96b9e6ed733f630661','Bruno José Santos Braga','brunojsb@hotmail.com','2016-10-31 12:05:40'),('ff20cfaa179a4a099f48c3b8bc2e2656','Yudi Bombarda Kawamura','yudi-bk@hotmail.com','2016-10-05 14:52:29'),('ff9a4aaa3b24abb35626ad91d3d08c53','Lucas Leonardo Silveira Costa','luks_cost@hotmail.com','2016-10-14 14:26:06'),('ff9d7ba9032ca4149154fe275350e43c',NULL,'profcbezerra@gmail.com','2016-09-20 11:41:33'),('ffd64d8e69838956b0602958db5fda9a','Érick dos Santos','skip_16erick@hotmail.com','2017-05-08 15:46:06'),('ffe168b9c46881516bff6ded1712823b','Igor Tomas Pilla Faustino','igor-tomas@hotmail.com','2016-09-15 10:50:29');
/*!40000 ALTER TABLE `aluno` ENABLE KEYS */;
UNLOCK TABLES;
/*!50003 SET @saved_cs_client      = @@character_set_client */ ;
/*!50003 SET @saved_cs_results     = @@character_set_results */ ;
/*!50003 SET @saved_col_connection = @@collation_connection */ ;
/*!50003 SET character_set_client  = utf8 */ ;
/*!50003 SET character_set_results = utf8 */ ;
/*!50003 SET collation_connection  = utf8_general_ci */ ;
/*!50003 SET @saved_sql_mode       = @@sql_mode */ ;
/*!50003 SET sql_mode              = 'NO_ENGINE_SUBSTITUTION' */ ;
DELIMITER ;;
/*!50003 CREATE*/ /*!50017 DEFINER=`root`@`localhost`*/ /*!50003 TRIGGER tg_insere_data_aluno BEFORE INSERT ON aluno
    FOR EACH ROW
    BEGIN
       set NEW.data = NOW();
    END */;;
DELIMITER ;
/*!50003 SET sql_mode              = @saved_sql_mode */ ;
/*!50003 SET character_set_client  = @saved_cs_client */ ;
/*!50003 SET character_set_results = @saved_cs_results */ ;
/*!50003 SET collation_connection  = @saved_col_connection */ ;

--
-- Table structure for table `cartas`
--

DROP TABLE IF EXISTS `cartas`;
/*!40101 SET @saved_cs_client     = @@character_set_client */;
/*!40101 SET character_set_client = utf8 */;
CREATE TABLE `cartas` (
  `id` bigint(20) NOT NULL AUTO_INCREMENT,
  `num_inscricao` varchar(20) NOT NULL,
  `recomendante` varchar(50) NOT NULL,
  `email` varchar(60) DEFAULT NULL,
  `data` datetime DEFAULT NULL,
  `status` int(2) DEFAULT '2',
  `id_recomendacao` varchar(33) DEFAULT NULL,
  PRIMARY KEY (`id`),
  KEY `fk_num_inscricao_cartas` (`num_inscricao`),
  CONSTRAINT `fk_num_inscricao_cartas` FOREIGN KEY (`num_inscricao`) REFERENCES `inscricoes` (`num_inscricao`) ON DELETE CASCADE ON UPDATE CASCADE
) ENGINE=InnoDB AUTO_INCREMENT=1149 DEFAULT CHARSET=latin1;
/*!40101 SET character_set_client = @saved_cs_client */;

--
-- Dumping data for table `cartas`
--

LOCK TABLES `cartas` WRITE;
/*!40000 ALTER TABLE `cartas` DISABLE KEYS */;
INSERT INTO `cartas` VALUES (1,'20171S002666','Prof. Marcos Leandro Mendes Carvalho',NULL,'2016-09-20 11:55:28',2,NULL),(2,'20171S002666','Prof José Valdo Abreu',NULL,'2016-10-03 14:18:09',2,NULL),(3,'20171S003092','Prof Wesley V I Shirabayashi',NULL,'2016-10-05 11:17:03',2,NULL),(4,'20171S003092','Prof Valter Camargo',NULL,'2016-10-05 11:16:45',2,NULL),(5,'20171S003092','Prof. Francisco Sobral',NULL,'2016-10-05 11:17:40',2,NULL),(6,'20171S003092','Prof. Emerson Vitor Castelani',NULL,'2016-10-05 11:17:22',2,NULL),(7,'NA16VS14D4A4560DF870','Prof. Silvio Cesar Otero',NULL,'2016-10-06 14:35:26',2,NULL),(8,'20171S003211','Prof. Sandro Marcos Guzzo',NULL,'2016-10-03 15:08:51',2,NULL),(9,'20171S003211','Prof André Vicente',NULL,'2016-10-04 13:57:46',2,NULL),(10,'20171S003211','Profa. Sandra Maria Tieppo',NULL,'2016-10-03 15:09:58',2,NULL),(11,'20171S002595','Prof André Vicente',NULL,'2016-10-04 14:58:19',2,NULL),(12,'20171S002595','Profa Sandra M Tieppo',NULL,'2016-10-04 14:58:39',2,NULL),(13,'20171S000213','Prof. Luiz San Martin',NULL,'2016-09-20 11:25:15',2,NULL),(14,'20171S000213','Prof Petrônio Pulino',NULL,'2016-10-05 14:49:04',2,NULL),(15,'20171S000213','Prof. Ricardo M Martins',NULL,'2016-09-13 15:15:38',2,NULL),(16,'20171S000217','Prof. Yuri Bozhkov',NULL,'2016-09-13 15:14:09',2,NULL),(17,'20171S002461','Profa. Grasiele Cristiane Jorge',NULL,'2016-10-03 15:52:29',2,NULL),(18,'20171S002461','Prof. Robson da Silva.pdf',NULL,'2016-09-22 15:03:05',2,NULL),(19,'20171S002461','Prof. Luis Felipe',NULL,'2016-09-16 11:08:18',2,NULL),(20,'20171S003611','Mauro Lúcio Franco',NULL,'2016-10-04 09:16:20',2,NULL),(21,'20171S003611','Prof Samuel Dias',NULL,'2016-10-03 10:09:52',2,NULL),(22,'20171S003611','PROF. Fábio Silva de Souza',NULL,'2016-10-03 10:10:22',2,NULL),(23,'20171S003390','Prof Petrônio Pulino',NULL,'2016-10-05 14:51:09',2,NULL),(24,'20171S000664','Prof Ricardo M Martins',NULL,'2016-10-04 10:10:13',2,NULL),(25,'20171S000664','Prof Petrônio Pulino',NULL,'2016-10-05 14:52:29',2,NULL),(26,'20171S002540','Profa. Patricia Elaine Desideri',NULL,'2016-09-20 11:03:28',2,NULL),(27,'20171S002540','Prof. Thiago Lourenço Pires',NULL,'2016-10-03 11:07:40',2,NULL),(28,'20171S002236','Prof Borys A Samaniego',NULL,'2016-10-04 14:07:59',2,NULL),(29,'20171S002236','Prog Guillermo Soriano',NULL,'2016-10-04 14:08:19',2,NULL),(30,'20171S003852','Prof. Cristian Ortiz',NULL,'2016-10-10 14:30:23',2,NULL),(31,'20171S003852','Prof Eliezer Batista',NULL,'2016-10-03 17:04:49',2,NULL),(32,'20171S003852','Prof Martin Weiland',NULL,'2016-10-03 15:23:00',2,NULL),(33,'20171S003414','Profa. Graziane Sales',NULL,'2016-10-14 14:41:55',2,NULL),(34,'20171S003414','Profa Maria do Carmo P T Costa',NULL,'2016-10-04 14:41:00',2,NULL),(35,'20171S004167','Prof Alberto Saa',NULL,'2016-10-04 15:02:47',2,NULL),(36,'20171S001794','Prof Artur Fassoni',NULL,'2016-10-04 14:38:24',2,NULL),(37,'20171S001794','Profa. Maria Helena Noronha',NULL,'2016-09-20 16:41:44',2,NULL),(38,'20171S001434','Prof. Luis Fernando Mello',NULL,'2016-09-15 10:52:03',2,NULL),(39,'20171S001434','Prof Artur Fassoni',NULL,'2016-10-03 13:52:23',2,NULL),(40,'20171S001434','Profa. Maria Helena Noronha',NULL,'2016-09-20 11:11:34',2,NULL),(41,'20171S003009','Prof Gabriel Pessanha',NULL,'2016-10-18 09:56:38',2,NULL),(42,'20171S003009','Prof. Eric B. Ferreira',NULL,'2016-10-18 09:56:59',2,NULL),(43,'20171S003009','Prof. Luiz Alberto Beijo',NULL,'2016-10-18 09:57:18',2,NULL),(44,'20171S005279','Prof. Aurelio R. L. Oliveira',NULL,'2016-10-17 15:20:49',2,NULL),(45,'20171S002242','Prof. Henrique José da Silva',NULL,'2016-10-03 15:13:24',2,NULL),(46,'20171S002242','Prof. Maurício Chiarello',NULL,'2016-09-15 11:09:10',2,NULL),(48,'20171S002159','Profa. Lisa Maria de Freitas Santos',NULL,'2016-09-30 09:32:05',2,NULL),(49,'20171S002159','Prof. Yulin Zhang',NULL,'2016-09-15 10:35:00',2,NULL),(50,'20171S002159','Paula Marques Smith',NULL,'2016-09-15 10:35:18',2,NULL),(51,'20171S002159','Prof. José Antonio M. Vilhena',NULL,'2016-09-15 11:32:13',2,NULL),(52,'20171S003636','Prof Geci J P Silva',NULL,'2016-10-03 09:35:34',2,NULL),(53,'20171S003636','Profa. Jaqueline Araujo Civardi',NULL,'2016-10-03 15:16:22',2,NULL),(54,'1250','Prof. L. Hotta',NULL,'2016-10-18 09:43:15',2,NULL),(55,'1250','Prof. Celso Rômulo Barbosa Cabral',NULL,'2016-09-23 10:28:26',2,NULL),(56,'20171S005149','Prof. Caio Lucidius Azevedo',NULL,'2016-10-18 09:15:27',2,NULL),(57,'20171S005149','Prof. Jesus Enrique Garcia',NULL,'2016-10-18 09:15:49',2,NULL),(58,'20171S005149','Profa. Laura Rifo',NULL,'2016-10-18 09:16:03',2,NULL),(59,'20171S000725','Prof. Laércio L. Vendite',NULL,'2016-09-23 10:56:41',2,NULL),(60,'20171S000649','Profa. Renata Zotin Gomes de Oliveira',NULL,'2016-10-06 11:31:43',2,NULL),(61,'20171S000649','Profa Marta C Gadotti',NULL,'2016-10-04 10:07:10',2,NULL),(62,'20171S003827','Prof. Paulo Marcelo Dias de Magalhães',NULL,'2016-10-04 13:51:28',2,NULL),(63,'20171S003827','Prof. Wenderson Marques Ferreira',NULL,'2016-10-04 13:51:54',2,NULL),(64,'20171S003827','Prof. Eder Marinho Martins',NULL,'2016-10-04 13:50:52',2,NULL),(65,'20171S003045','Profa. Marcia Kashimoto',NULL,'2016-10-05 11:34:24',2,NULL),(66,'20171S002711','Prof Luis Fernando Mello',NULL,'2016-10-03 14:22:06',2,NULL),(67,'20171S002711','Profa Marcia Kashimoto',NULL,'2016-10-03 14:22:29',2,NULL),(68,'NA16VS147AB4B4FC5015','Prof. Plamen Koshlukov',NULL,'2016-10-06 14:32:51',2,NULL),(69,'20171S000976','Prof. Rafael José Alvarez Bilbao',NULL,'2016-09-15 10:33:05',2,NULL),(70,'20171S000976','Prof. Rafael Enrique A. Barrios',NULL,'2016-09-15 14:29:48',2,NULL),(71,'20171S003248','Prof Cicero F Carvalho',NULL,'2016-10-03 14:57:35',2,NULL),(72,'20171S003248','Prof Vinicius Favero',NULL,'2016-10-03 14:58:12',2,NULL),(73,'20171S003248','Prof Geraldo Botelho',NULL,'2016-10-03 14:57:58',2,NULL),(74,'201718003739','Prof Rogério C Picanço',NULL,'2016-10-04 10:01:59',2,NULL),(75,'201718003739','Profa. Ariane Piovezan Entringer',NULL,'2016-10-03 16:09:09',2,NULL),(76,'201718003740','Prof Rogério C Picanço',NULL,'2016-10-03 13:36:10',2,NULL),(77,'201718003740','Profa. Ariane Piovezan Entringer',NULL,'2016-10-03 15:25:24',2,NULL),(78,'20171S001190','Prof. Luis Antonio F. de Oliveira',NULL,'2016-09-13 14:53:51',2,NULL),(79,'20171S001190','Prof. Jaime Edmundo Apaza Rodriguez',NULL,'2016-09-13 14:53:11',2,NULL),(80,'20171S001190','Prof. Edson Donizete de Carvalho',NULL,'2016-09-13 14:51:35',2,NULL),(81,'NA161S213510426D7655','Prof Miguel A C Candezano',NULL,'2016-10-04 15:07:09',2,NULL),(82,'NA161S213510426D7655','Prof Carlos Adolfo A Martinez',NULL,'2016-10-04 15:06:51',2,NULL),(83,'20171S002174','Prof. Marcos Eduardo R. do V. Mesquita',NULL,'2016-10-06 11:03:12',2,NULL),(84,'20171S002174','Prof. Aurelio R. L. Oliveira',NULL,'2016-10-17 15:14:58',2,NULL),(85,'20171S002174','Prof Jesus de Loera',NULL,'2016-10-04 14:50:10',2,NULL),(86,'20171S002174','Prof. Ary Orozimbo Chiacchio',NULL,'2016-09-20 16:46:37',2,NULL),(87,'20171S003773','Prof. Adriano Kamimura Suzuki',NULL,'2016-10-18 10:06:19',2,NULL),(88,'20171S003773','Prof. Jorge Luis Bazán Guzmán',NULL,'2016-10-18 10:06:34',2,NULL),(89,'20171S003572','Prof Guilherme Tizziotti',NULL,'2016-10-03 15:05:51',2,NULL),(90,'20171S003572','Prof Cicero F Carvalho',NULL,'2016-10-03 15:05:24',2,NULL),(91,'20171S003572','Prof Alonso Castellanos',NULL,'2016-10-03 15:05:03',2,NULL),(92,'20171S001639','Profa. Aniura Milanés Barrientos',NULL,'2016-10-05 10:47:33',2,NULL),(93,'20171S001639','Prof. Remy Sanchis',NULL,'2016-10-05 10:46:38',2,NULL),(94,'20171S001639','Prof. Júlio C. dos Reis',NULL,'2016-10-05 10:51:55',2,NULL),(95,'20171S003484','Prof Javier Olaya',NULL,'2016-10-18 09:39:45',2,NULL),(96,'20171S003484','Prof Victor Gonzalez',NULL,'2016-10-18 09:40:02',2,NULL),(97,'20171S003147','Prof Petrônio Pulino',NULL,'2016-10-05 15:09:17',2,NULL),(98,'20171S003147','Profa Laura Rifo',NULL,'2016-10-04 14:15:42',2,NULL),(99,'25121960','Prof. Igor Leite Freire',NULL,'2016-10-04 15:09:11',2,NULL),(100,'25121960','Prof. Marcus Antonio M. Marrocos',NULL,'2016-10-04 15:09:29',2,NULL),(101,'25121960','Prof. Norberto Maidana',NULL,'2016-10-04 15:09:51',2,NULL),(102,'20171S000620','Prof. FABIO A. FAJARDO MOLINARES',NULL,'2016-10-18 09:48:47',2,NULL),(103,'20171S000620','Prof. Eder Morais',NULL,'2016-10-18 09:47:44',2,NULL),(104,'20171S000620','Prof. Carlos Henrique Osório Silva',NULL,'2016-10-18 09:48:06',2,NULL),(105,'20171S000620','Prof Gerson R Santos',NULL,'2016-10-18 09:48:26',2,NULL),(106,'20171S003333','Prof Yuri Bozhkov',NULL,'2016-10-04 15:52:27',2,NULL),(107,'20171S003038','Prof Paulo Ruffino',NULL,'2016-10-03 14:35:36',2,NULL),(108,'20171S003038','Profa Regilene Oliveira',NULL,'2016-10-03 14:36:38',2,NULL),(109,'20171S003038','Profa Ketty Rezende',NULL,'2016-10-03 14:36:13',2,NULL),(110,'20171S000675','Profa. Cheti',NULL,'2016-10-03 15:56:51',2,NULL),(111,'20171S000675','Prof. Laércio L. Vendite',NULL,'2016-09-23 10:20:04',2,NULL),(112,'20171S000675','Prof. Wilson Castro Ferreira Junior',NULL,'2016-09-13 11:16:47',2,NULL),(113,'20171S001285','Prof. Ricardo Coelho Silva',NULL,'2016-09-15 10:37:13',2,NULL),(114,'20171S001448','Prof. Ronan Antonio dos Reis',NULL,'2016-09-23 10:05:46',2,NULL),(115,'20171S001448','Prof. Marcos Tadeu de Oliveira Pimenta',NULL,'2016-09-15 15:44:03',2,NULL),(116,'20171S001448','Prof. Messias Meneguette Jr',NULL,'2016-10-03 15:40:56',2,NULL),(117,'20171S001448','Vanessa Avansini Botta Pirani',NULL,'2016-09-15 15:41:31',2,NULL),(118,'20171S003749','Prof. ANDERSON LUIS A. DE ARAUJO',NULL,'2016-10-14 14:52:18',2,NULL),(119,'20171S003749','Profa. Ariane Piovezan Entringer',NULL,'2016-10-03 16:10:21',2,NULL),(120,'02','Profa. Miria Hespanhol Miranda',NULL,'2016-09-15 15:39:35',2,NULL),(121,'02','Prof. Ubirajara Coutinho Filho',NULL,'2016-10-03 15:35:34',2,NULL),(122,'20171S003908','Prof Jurandir O Lopes',NULL,'2016-10-04 14:14:29',2,NULL),(123,'20171S003908','Prof. Thiago Alves Elias',NULL,'2016-10-03 16:05:59',2,NULL),(124,'2','Prof. Helton Saulo B. dos Santos',NULL,'2016-10-18 09:50:27',2,NULL),(125,'2','Prof. Paulo Roberto Scalco',NULL,'2016-10-18 09:50:44',2,NULL),(126,'2','Prof. Victor Leiva',NULL,'2016-10-18 09:50:58',2,NULL),(127,'20171S003218','Prof José Gomes de Assis',NULL,'2016-10-04 16:00:54',2,NULL),(128,'20171S003218','Prof. Alejandro Caicedo Roque',NULL,'2016-10-03 15:54:35',2,NULL),(129,'20171S003218','Profa Maria do Socorro de L Oliveira',NULL,'2016-10-04 17:08:14',2,NULL),(130,'20171S003245','Prof Cicero F Carvalho',NULL,'2016-10-03 14:53:46',2,NULL),(131,'20171S003245','Prof Vinicius Favero',NULL,'2016-10-03 14:53:22',2,NULL),(132,'20171S003245','Prof Geraldo Botelho',NULL,'2016-10-03 14:53:02',2,NULL),(133,'20171S002275','Alonso Sepúlveda Castellanos',NULL,'2016-09-15 14:39:39',2,NULL),(135,'20171S002210','Prof. Diogo de Oliveira Soares Pinto',NULL,'2016-09-23 10:26:13',2,NULL),(136,'20171S002210','Prof. Luiz Agostinho Ferreira',NULL,'2016-10-10 14:55:25',2,NULL),(137,'20171S002210','Prof. Alexandre Ananin',NULL,'2016-10-05 11:44:26',2,NULL),(138,'20171S003570','Prof. André Luís Santos de Pinho',NULL,'2016-10-18 08:57:21',2,NULL),(139,'20171S003570','Profa Luz Milena Zea Fernández',NULL,'2016-10-18 08:57:45',2,NULL),(140,'20171S003570','Prof. Marcelo B. Pereira',NULL,'2016-10-03 16:20:53',2,NULL),(141,'20171S002339','Prof Guillermo R Blanco',NULL,'2016-10-03 13:59:11',2,NULL),(142,'20171S002339','Prof Felix H S Médez',NULL,'2016-10-04 17:09:17',2,NULL),(143,'20171S002339','Prof Ricardo A P Ramírez',NULL,'2016-10-03 13:59:32',2,NULL),(144,'20171S001608','Prof. Carlos José Braga Barros',NULL,'2016-09-15 16:53:26',2,NULL),(145,'20171S001608','Prof. Josiney Alves de Souza',NULL,'2016-09-15 16:53:08',2,NULL),(146,'20171S001608','Prof Marcos A Verdi',NULL,'2016-10-03 11:41:22',2,NULL),(147,'20171S002324','Prof. Serguei Popov',NULL,'2016-09-20 16:37:08',2,NULL),(148,'20171S002502','Profa. Renata Zotin Gomes de Oliveira',NULL,'2016-10-06 11:28:29',2,NULL),(149,'20171S002502','Prof Jamil V Pereira',NULL,'2016-10-04 14:12:10',2,NULL),(150,'20171S002502','Profa. Marta Cilene Gadotti',NULL,'2016-09-23 10:16:08',2,NULL),(151,'20171S004031','Prof. Pablo Muñoz',NULL,'2016-10-03 15:43:34',2,NULL),(152,'20171S004031','Prof. Eduardo Lenz Cardoso',NULL,'2016-10-03 15:43:53',2,NULL),(153,'20171S004031','Prof Fernando D Sasse',NULL,'2016-10-05 11:42:14',2,NULL),(154,'20171S002177','Prof Juan D Vélez',NULL,'2016-10-04 15:08:55',2,NULL),(155,'20171S002177','Prof. Sigifredo Herrón Osorio',NULL,'2016-09-20 11:47:00',2,NULL),(156,'20171S002177','Prof Carlos Alberto B Brango',NULL,'2016-10-03 13:46:34',2,NULL),(157,'20171S004103','Prof Wenden C S Rodrigues',NULL,'2016-10-13 09:40:14',2,NULL),(158,'20171S001435','Prof. Fabio Scalco Dias',NULL,'2016-09-15 14:21:41',2,NULL),(159,'20171S001435','Prof. Luis Fernando Mello',NULL,'2016-09-15 14:21:16',2,NULL),(160,'20171S002401','Prof. Marcelo Angelo Cirillo',NULL,'2016-10-18 08:42:40',2,NULL),(161,'20171S002401','Profa Erica Castilho Rodrigues',NULL,'2016-10-18 08:43:09',2,NULL),(162,'20171S001439','Profa. Ariane Piovezan Entringer',NULL,'2016-10-03 15:26:17',2,NULL),(163,'20171S001439','Prof. Rogério C Picanço',NULL,'2016-10-03 16:51:11',2,NULL),(164,'20171S002181','Prof. Luciano Salamacha',NULL,'2016-09-15 14:26:38',2,NULL),(165,'20171S002181','Anderson Azevedo Simões',NULL,'2016-09-15 14:26:54',2,NULL),(166,'20171S002181','Profa. Mara Limonge Macedo',NULL,'2016-09-15 14:26:23',2,NULL),(167,'20171S000710','Prof. Aurelio R. L. Oliveira',NULL,'2016-10-14 14:24:26',2,NULL),(168,'20171S000710','Prof. Alancardek Pereira Araujo',NULL,'2016-09-13 13:52:11',2,NULL),(169,'20171S000710','Prof. Yuri Bozhkov',NULL,'2016-09-01 16:59:42',2,NULL),(170,'20171S002285','Prof Laercio J Santos',NULL,'2016-10-03 13:55:57',2,NULL),(171,'20171S002285','Prof Andrey P Maksimov',NULL,'2016-10-03 13:55:38',2,NULL),(172,'20171S002285','Prof Lonardo Rabelo',NULL,'2016-10-03 13:55:15',2,NULL),(173,'20171S003486','Profa. Rosemary Pires',NULL,'2016-10-04 14:03:11',2,NULL),(174,'20171S003486','Prof. Gilmar Garbugio',NULL,'2016-10-04 14:01:51',2,NULL),(175,'20171S003486','Prof. Rodrigo G. Amorim',NULL,'2016-10-04 14:02:53',2,NULL),(176,'20171S003291','Profa. Mariana Rodrigues Motta',NULL,'2016-10-18 08:54:05',2,NULL),(177,'20171S003291','Prof. Caio Lucidius Naberezny Azevedo',NULL,'2016-10-18 08:54:41',2,NULL),(178,'20171S003291','Profa. Nancy Lopes Garcia',NULL,'2016-10-18 08:54:22',2,NULL),(179,'20171S002989','Prof Lucio Centrone',NULL,'2016-10-03 14:33:43',2,NULL),(180,'20171S002989','Prof Alcebiadis Rigas',NULL,'2016-10-03 14:33:24',2,NULL),(181,'20171S002989','Profa Marta C Gadotti',NULL,'2016-10-03 14:34:04',2,NULL),(182,'20171S002436','Prof Rogério C Picanço',NULL,'2016-10-03 11:43:19',2,NULL),(183,'20171S002436','Profa. Sônia Maria Fernandes',NULL,'2016-10-03 11:43:38',2,NULL),(184,'20171S000240','Prof. Cícero Carvalho',NULL,'2016-10-04 16:31:52',2,NULL),(185,'20171S000240','Profa. Francielle R. de Castro Coelho',NULL,'2016-10-10 15:00:57',2,NULL),(186,'20171S000240','Prof. Eder Marinho Martins',NULL,'2016-10-04 16:32:17',2,NULL),(187,'20171S001483','Profa Elen V P Spreafico',NULL,'2016-10-04 14:36:22',2,NULL),(188,'20171S001483','Profa Lilian Berti',NULL,'2016-10-04 14:36:48',2,NULL),(189,'20171S001483','Profa Wania C Lucca',NULL,'2016-10-04 14:37:09',2,NULL),(190,'20171S001776','Prof Daniel J P Silva',NULL,'2016-10-05 10:39:12',2,NULL),(191,'20171S001776','Profa. Érica Regina Filletti Nascimento',NULL,'2016-10-06 11:37:45',2,NULL),(192,'20171S001776','Prof. Antonio Donizetti G. de Souza',NULL,'2016-10-05 10:39:38',2,NULL),(193,'201715001200','Profa. Érica Regina Filletti Nascimento',NULL,'2016-09-15 15:35:18',2,NULL),(194,'201715001200','Prof. Antonio Donizetti G. de Souza',NULL,'2016-09-15 15:34:56',2,NULL),(195,'20171S002388','Prof. Jose Ailton Alencar Andrade',NULL,'2016-09-23 10:55:01',2,NULL),(196,'20171S002402','Profa. Cheti',NULL,'2016-10-03 15:58:20',2,NULL),(197,'20171S002402','Prof. João Frederico C. A. Meyer',NULL,'2016-10-05 09:57:02',2,NULL),(198,'20171S002402','Prof. Maicon Ribeiro Correa',NULL,'2016-10-05 09:57:24',2,NULL),(199,'20171S002082','Prof. Victor Hugo Jorge Pérez',NULL,'2016-09-15 16:55:23',2,NULL),(200,'20171S002082','Prof. FARID TARI',NULL,'2016-09-15 16:56:04',2,NULL),(201,'20171S002082','Profa. Rúbia Mara de Oliveira Santos',NULL,'2016-09-23 10:13:18',2,NULL),(202,'20171S002146','Prof José Anderson V Cardoso',NULL,'2016-10-03 13:43:18',2,NULL),(203,'20171S002146','Prof Zaqueu A Ramos',NULL,'2016-10-03 13:43:43',2,NULL),(204,'20171S002146','Profa Giovana S Gouveia',NULL,'2016-10-03 13:44:12',2,NULL),(205,'20171S005170','Profa Roselaine Ruviaro Zanini',NULL,'2016-10-18 08:44:59',2,NULL),(206,'20171S005170','Prof. Fábio Mariano Bayer',NULL,'2016-10-18 08:44:36',2,NULL),(207,'20171S005170','Prof. Adriano Mendonça Souza',NULL,'2016-10-18 08:44:18',2,NULL),(208,'20171S002782','Prof. Juan Velásquez',NULL,'2016-10-04 13:47:40',2,NULL),(209,'20171S002782','Prof. Alexander Quintero Vélez',NULL,'2016-10-04 13:47:17',2,NULL),(210,'NA161S11C9527DE9DE6E','Profa. Judith Hayde Cruz Torres',NULL,'2016-10-03 15:21:04',2,NULL),(211,'20171S003678','Prof. Augusto Maciel da Silva',NULL,'2016-10-18 08:52:15',2,NULL),(212,'20171S003678','Prof. Denis Altieri',NULL,'2016-10-18 08:52:34',2,NULL),(213,'20171S003678','Prof Fábio Bayer',NULL,'2016-10-18 08:51:43',2,NULL),(214,'20171S001328','Prof Paulo Ruffino',NULL,'2016-10-03 11:33:17',2,NULL),(215,'20171S001328','Prof. Sergio Antonio Tozoni',NULL,'2016-09-23 10:04:50',2,NULL),(216,'20171S001328','Prof Waleed Noor',NULL,'2016-10-03 11:33:44',2,NULL),(217,'20171S002466','Prof Fernando L Mortari',NULL,'2016-10-03 14:05:30',2,NULL),(218,'20171S002466','Prof Giuliano Boava',NULL,'2016-10-03 14:06:05',2,NULL),(219,'20171S002466','Prof Marcelo Sobottka',NULL,'2016-10-03 14:07:01',2,NULL),(220,'20171S002466','Prof Danilo Royer',NULL,'2016-10-03 14:04:50',2,NULL),(221,'20171S003524','Prof. Manuel Ramon',NULL,'2016-10-03 11:21:53',2,NULL),(222,'20171S003524','Prof Ricardo Lopes',NULL,'2016-10-03 11:21:30',2,NULL),(223,'20171S003524','Prof. Mário Augusto Bertella',NULL,'2016-10-03 11:22:10',2,NULL),(224,'20171S003110','Prof. Hugo Muskus',NULL,'2016-10-04 08:55:50',2,NULL),(225,'20171S003872','Prof. Flavio França',NULL,'2016-10-03 13:39:52',2,NULL),(226,'20171S003872','Prof Paulo C Oliveira',NULL,'2016-10-03 13:38:57',2,NULL),(227,'20171S003751','Prof Rogério C Picanço',NULL,'2016-10-03 16:28:04',2,NULL),(228,'20171S003751','Prof. Jesus Avila',NULL,'2016-10-03 16:28:28',2,NULL),(229,'20171S002099','Prof. Waleed Noor',NULL,'2016-09-15 15:22:53',2,NULL),(230,'20171S002099','Prof. Lucas Catão',NULL,'2016-09-15 15:22:16',2,NULL),(231,'20171S002099','Prof. Ricardo M Martins',NULL,'2016-09-15 15:22:36',2,NULL),(232,'20171S003440','Prof. Jorge Luis Bazán Guzman',NULL,'2016-10-18 09:00:10',2,NULL),(233,'20171S003440','Prof. Gustavo Henrique',NULL,'2016-10-18 08:59:53',2,NULL),(234,'20171S003670','Profa. Sonia Elena Palomino Castro',NULL,'2016-10-10 14:54:31',2,NULL),(235,'20171S003670','Prof Carlos H F Santos',NULL,'2016-10-05 11:21:21',2,NULL),(236,'20171S001607','Prof Sandro M Guzzo',NULL,'2016-10-03 11:39:29',2,NULL),(237,'20171S001607','Prof João Carlos F Costa',NULL,'2016-10-03 11:38:48',2,NULL),(238,'20171S001607','Profa Juliana C P Pereira',NULL,'2016-10-03 11:39:53',2,NULL),(239,'20171S003062','Profa. Marta Cilene Gadotti',NULL,'2016-10-04 15:21:19',2,NULL),(240,'20171S003062','Profa. Carina Alves',NULL,'2016-10-04 15:20:59',2,NULL),(241,'20171S003062','Profa. Suzinei Ap. Siqueira Marconato',NULL,'2016-10-04 15:21:45',2,NULL),(242,'11111','Prof. Jair Donadelli Jr',NULL,'2016-10-18 08:41:53',2,NULL),(243,'20171S002924','Prof. Pedro Toniol Cardin',NULL,'2016-09-22 17:12:28',2,NULL),(244,'20171S002924','Prof. Jaime Edmundo Apaza Rodriguez',NULL,'2016-09-23 10:00:51',2,NULL),(245,'20171S002924','Prof. Iguer Luis Domini dos Santos',NULL,'2016-10-03 16:58:09',2,NULL),(246,'20171S003174','Prof. Zionice Garbelini M. Rodrigues',NULL,'2016-10-03 11:14:23',2,NULL),(247,'20171S003174','Profa Rúbia Amaral',NULL,'2016-10-03 11:14:57',2,NULL),(248,'20171S003174','Prof. Eliane Matesco Cristovão',NULL,'2016-10-03 11:13:02',2,NULL),(249,'20171S003777','Prof Diogo D P S Silva',NULL,'2016-10-03 15:11:08',2,NULL),(250,'20171S003777','Prof Daniel C Morais Filho',NULL,'2016-10-05 11:25:11',2,NULL),(251,'20171S003777','Prof Antonio Brandão',NULL,'2016-10-03 15:11:25',2,NULL),(252,'20171S001055','Prof. Alexandre Bryan Heinemann',NULL,'2016-09-13 14:37:47',2,NULL),(253,'20171S003818','Prof. Marcos Tadeu Oliveira Pimenta',NULL,'2016-10-03 15:37:48',2,NULL),(254,'20171S003818','Prof Giovany Figueiredo',NULL,'2016-10-03 11:06:36',2,NULL),(255,'20171S003818','Profa Vanessa Botta',NULL,'2016-10-03 11:06:55',2,NULL),(256,'20171S003216','Prof Marcos T Pimenta',NULL,'2016-10-03 14:48:11',2,NULL),(257,'20171S003216','Prof Giovany Figueiredo',NULL,'2016-10-03 14:47:43',2,NULL),(258,'20171S003216','Profa Vanessa Botta',NULL,'2016-10-03 14:48:32',2,NULL),(259,'20171S003250','Prof. Lucas Monteiro Chaves',NULL,'2016-10-18 08:47:32',2,NULL),(260,'20171S003250','Prof. Devanil Jaques de Souza',NULL,'2016-10-18 08:47:14',2,NULL),(261,'20171S003250','Prof. Luiz Alberto Beijo',NULL,'2016-10-18 08:47:48',2,NULL),(262,'20171S002760','Prof Evandro Monteiro',NULL,'2016-10-03 14:23:46',2,NULL),(263,'20171S002760','Prof José Paulo Santos',NULL,'2016-10-03 14:24:10',2,NULL),(264,'20171S002760','Prof. Gabriel Ponce',NULL,'2016-10-10 14:36:58',2,NULL),(267,'20171S001470','Profa Fátima Silva Leite',NULL,'2016-09-15 14:12:22',2,NULL),(268,'20171S001470','Profa. Ana Cristina Martins Ros',NULL,'2016-09-15 13:57:52',2,NULL),(269,'20171S001470','Prof. Igor dos Santos Lima',NULL,'2016-09-20 11:29:38',2,NULL),(270,'20171S001011','Prof. Aurelio R. L. Oliveira',NULL,'2016-10-17 15:16:37',2,NULL),(271,'20171S001011','Prof. Alancardek Pereira Araujo',NULL,'2016-09-13 11:55:30',2,NULL),(272,'20171S001011','Prof. Fábio Júlio da Silva Valentim',NULL,'2016-10-04 15:58:13',2,NULL),(273,'20171S002472','Prof Denis Braga',NULL,'2016-10-03 14:09:03',2,NULL),(274,'20171S002472','Mariza Stefanello Simsen',NULL,'2016-09-15 14:55:00',2,NULL),(275,'20171S002472','Prof Braulio A Garcia',NULL,'2016-10-03 14:09:27',2,NULL),(276,'20171S000980','Prof Marcelo Terra Cunha',NULL,'2016-10-04 14:36:17',2,NULL),(277,'20171S000980','Prof. André Gimenez Bueno',NULL,'2016-10-03 16:34:18',2,NULL),(278,'20171S000980','Prof Raphael C Drumond',NULL,'2016-10-04 14:36:40',2,NULL),(279,'20171S002597','Profa Maria Gorete C Andrade',NULL,'2016-10-04 17:15:02',2,NULL),(280,'20171S002597','Prof. Antonio Aparecido de Andrade',NULL,'2016-10-04 13:55:26',2,NULL),(281,'20171S003528','Prof. Hugo Muskus',NULL,'2016-10-04 14:08:49',2,NULL),(282,'20171S001508','Prof. Juvêncio Santos Nobre',NULL,'2016-10-18 10:03:33',2,NULL),(283,'20171S001508','Prof. Francisco Cribari Neto',NULL,'2016-10-18 10:03:17',2,NULL),(284,'20171S001508','Prof. Rafael Bráz Azevedo Farias',NULL,'2016-10-18 10:03:47',2,NULL),(285,'201715003317','Prof. Odorico Antônio Bortoluzzi',NULL,'2016-10-18 10:04:56',2,NULL),(286,'201715003317','Profa. Angela I.dos Santos Dullius',NULL,'2016-10-18 10:05:10',2,NULL),(287,'201715003317','Prof. Fernando de Jesus M. Junior',NULL,'2016-10-18 10:04:41',2,NULL),(288,'20171S003056','Prof Javier la Cruz',NULL,'2016-10-03 14:41:02',2,NULL),(289,'20171S003056','Prof Jairo H Monzón',NULL,'2016-10-05 11:28:29',2,NULL),(290,'20171S003056','Prof Ismael G Garcia',NULL,'2016-10-03 14:41:22',2,NULL),(291,'20171S004049','Prof. Aurelio R. L. Oliveira',NULL,'2016-10-17 15:19:58',2,NULL),(292,'08210708','Prof. Marcio A.de Andrade Bortoloti',NULL,'2016-10-03 15:55:46',2,NULL),(293,'08210708','Prof. Júlio César dos Reis',NULL,'2016-09-20 15:53:40',2,NULL),(294,'20171S003352','Prof. José Ronaldo Melo',NULL,'2016-10-03 15:18:32',2,NULL),(295,'20171S003352','Prof Wenden C S Rodrigues',NULL,'2016-10-05 11:14:18',2,NULL),(296,'NA16VS14240075BA8C20','Prof. José Ronaldo Melo',NULL,'2016-10-14 14:55:09',2,NULL),(297,'20171S001044','Prof. Marcelo Hilário',NULL,'2016-09-23 10:18:25',2,NULL),(298,'20171S001044','Prof Balchandra D Thatte',NULL,'2016-10-04 10:36:02',2,NULL),(299,'20171S004127','Prof. Anderson Luis A. De Araujo',NULL,'2016-10-10 14:35:37',2,NULL),(300,'20171S004127','Prof José Herman M Ñungo',NULL,'2016-10-03 15:35:42',2,NULL),(301,'20171S001769','Prof. Moiseis Cecconello',NULL,'2016-10-05 11:02:04',2,NULL),(302,'20171S001769','Prof. Reinaldo de Marchi',NULL,'2016-10-05 11:02:52',2,NULL),(303,'20171S001769','Prof. Geraldo Lúcio Diniz',NULL,'2016-09-13 13:50:52',2,NULL),(304,'20171S000953','Prof. Lucas Catão',NULL,'2016-09-15 16:58:24',2,NULL),(305,'20171S000953','Prof Diego Ledesma',NULL,'2016-10-05 14:57:25',2,NULL),(306,'20171S000953','Prof. Waldemar Donizete Bastos',NULL,'2016-09-15 16:58:04',2,NULL),(307,'20171S002526','Prof. Artur Lenz Sartorti',NULL,'2016-09-16 10:31:07',2,NULL),(308,'20171S002526','Debora Pierini Gagliardo',NULL,'2016-09-15 14:24:15',2,NULL),(309,'20171S002526','Profa. Ana Cristina Pivem',NULL,'2016-10-04 14:10:33',2,NULL),(310,'20171S002526','Prof. Elias Antonio Nicolas',NULL,'2016-09-20 11:31:22',2,NULL),(311,'20171S002348','Prof. Rafael de Freitas Leão',NULL,'2016-09-20 13:44:45',2,NULL),(312,'20171S002348','Prof. Lucio Centrone',NULL,'2016-09-20 13:45:10',2,NULL),(313,'20171S002348','Prof Paulo Ruffino',NULL,'2016-10-03 14:02:10',2,NULL),(318,'20171S003443','Prof. Carlile Lavor',NULL,'2016-10-04 08:53:16',2,NULL),(319,'20171S000673','Prof Carlile Lavor',NULL,'2016-10-04 10:22:21',2,NULL),(320,'20171S002936','Prof Carlile Lavor',NULL,'2016-10-04 14:06:39',2,NULL),(321,'20171S002936','Prof Olivâine S Queiroz',NULL,'2016-10-04 14:06:20',2,NULL),(322,'20171S002581','Prof. Everton Batista da Rocha',NULL,'2016-09-23 10:55:53',2,NULL),(323,'20171S002677','Prof Stefano de Leo',NULL,'2016-10-04 14:16:54',2,NULL),(324,'20171S002677','Prof. Eduardo Cardoso de Abreu',NULL,'2016-10-03 16:07:02',2,NULL),(325,'20171S000347','Prof. Richard A. De la cruz Guerrero',NULL,'2016-09-15 15:30:03',2,NULL),(326,'20171S000347','Prof Diego Ledesma',NULL,'2016-10-06 10:30:30',2,NULL),(327,'20171S000347','Prof. Henrique Nogueira de Sá Earp',NULL,'2016-10-06 10:31:16',2,NULL),(328,'20171S000347','Prof Olivaine S Queiroz',NULL,'2016-10-06 10:30:54',2,NULL),(329,'20171S000922','Prof. Sérgio Mota Alves',NULL,'2016-09-01 15:49:05',2,NULL),(330,'20171S000922','Prof. Antonio T. A. do Nascimento',NULL,'2016-09-01 15:48:24',2,NULL),(331,'20171S000922','Prof. Luiz Antônio Caetano Monte',NULL,'2016-09-01 15:48:47',2,NULL),(332,'20171S000922','Prof. Vilton Pinheiro',NULL,'2016-09-13 10:56:09',2,NULL),(333,'20171S000444','Profa. Fátima Silva Leite',NULL,'2016-10-03 16:45:54',2,NULL),(334,'20171S000444','Prof. Mercio Botelho Faria',NULL,'2016-10-03 16:45:36',2,NULL),(335,'20171S003788','Profa. Irina Sviridova',NULL,'2016-10-10 14:27:22',2,NULL),(336,'20171S003788','Profa Cristina Acciarri',NULL,'2016-10-03 15:16:42',2,NULL),(337,'20171S003788','Prof Alexei Krassilnikov',NULL,'2016-10-03 15:15:52',2,NULL),(338,'201515003642','Prof Paulo Oliveira',NULL,'2016-10-03 11:30:17',2,NULL),(339,'201515003642','Prof. Flávio França',NULL,'2016-10-03 11:30:38',2,NULL),(340,'20171S004020','Prof. Hamilton Prado Bueno',NULL,'2016-10-14 14:05:33',2,NULL),(341,'20171S004020','Prof Remy Sanchis',NULL,'2016-10-03 15:28:20',2,NULL),(342,'20171S004020','Prof Arturo Fernandez',NULL,'2016-10-03 17:02:50',2,NULL),(343,'20171S000343','Prof. Lucio Centrone',NULL,'2016-09-15 15:57:44',2,NULL),(344,'20171S000343','Prof. Paulo Roberto Brumatti',NULL,'2016-09-15 15:57:02',2,NULL),(345,'20171S000343','Prof Fernando Torres',NULL,'2016-10-05 14:54:11',2,NULL),(346,'20171S000343','Prof. Marcus A. Mendonça Marrocos',NULL,'2016-09-15 15:57:24',2,NULL),(347,'20171S000815','Prof. Thiago Alves de Queiroz',NULL,'2016-09-01 16:48:36',2,NULL),(348,'20171S000815','Prof. Vaston Gonçalves da Costa',NULL,'2016-09-01 16:49:12',2,NULL),(349,'20171S000815','Prof. Celso Vieira Abud',NULL,'2016-09-01 16:47:23',2,NULL),(350,'20171S000532','Prof. Ricardo Coelho Silva',NULL,'2016-10-06 11:25:45',2,NULL),(351,'20171S000532','Prof. Michael Ferreira de Souza',NULL,'2016-10-14 14:44:13',2,NULL),(352,'20171S003610','Prof. Rodrigo Silva Lima',NULL,'2016-10-04 15:36:57',2,NULL),(353,'20171S003610','Profa. Renata Arruda Barros',NULL,'2016-10-03 15:45:51',2,NULL),(354,'20171S003613','rof. Marcos Eduardo Do Valle',NULL,'2016-10-06 11:00:52',2,NULL),(355,'20171S003613','Profa Sônia Ternes',NULL,'2016-10-04 17:05:04',2,NULL),(356,'20171S001462','Prof Arnoldo T Herrera',NULL,'2016-10-03 11:37:40',2,NULL),(357,'20171S001462','Hector Pinedo Tapia',NULL,'2016-09-15 15:28:32',2,NULL),(358,'20171S001462','Profa. Sofía Pinzón Durán',NULL,'2016-09-15 15:28:05',2,NULL),(359,'20171S001369','Profa Karen Carrilho da Silva Lira',NULL,'2016-09-13 14:07:07',2,NULL),(360,'20171S001369','Profª Márcia Regina Piovesan',NULL,'2016-09-13 14:06:47',2,NULL),(361,'20171S001369','Profa. Suellen Ribeiro Pardo Garcia',NULL,'2016-09-13 14:07:28',2,NULL),(362,'20171S001366','Prof. Rodrigo Manoel Dias Andrade',NULL,'2016-09-15 10:18:25',2,NULL),(363,'20171S001366','Profa. Larissa Hagedorn Vieira',NULL,'2016-09-15 10:19:07',2,NULL),(364,'20171S001366','Prof. Wilian Francisco de Araujo',NULL,'2016-09-16 10:25:48',2,NULL),(365,'20171S001366','Prof. Leandro Antunes',NULL,'2016-09-15 10:17:56',2,NULL),(366,'20171S001001','Prof Alberto Saa',NULL,'2016-10-04 10:31:57',2,NULL),(367,'20171S000672','Prof. Marcos E. R. do Valle Mesquita',NULL,'2016-09-13 14:40:01',2,NULL),(368,'20171S000672','Profa. Sandra Augusta Santos',NULL,'2016-09-13 14:36:07',2,NULL),(369,'20171S000671','Prof. Marcos E. R. do Valle Mesquita',NULL,'2016-09-13 14:30:40',2,NULL),(370,'20171S000671','Prof. Christophe F. Gallesco',NULL,'2016-09-13 14:30:58',2,NULL),(371,'20171S000671','Profa Cheti',NULL,'2016-10-04 10:11:18',2,NULL),(372,'20171S000671','Profa. Kelly Cristina Poldi',NULL,'2016-09-13 14:30:21',2,NULL),(373,'20171S000816','Prof. Leandro F. Aurichi',NULL,'2016-10-03 13:57:33',2,NULL),(374,'20171S000816','Prof. Eduardo Tengan',NULL,'2016-09-15 10:54:00',2,NULL),(375,'20171S000816','Prof. Daniel Smania Brandão',NULL,'2016-09-20 11:12:58',2,NULL),(376,'20171S000336','Prof. Rafael Dias Vilela',NULL,'2016-09-15 10:28:24',2,NULL),(377,'20171S000336','Prof. Evandro Marques',NULL,'2016-09-15 10:28:01',2,NULL),(378,'20171S000336','Prof. Simone Leite Andrade',NULL,'2016-09-15 10:28:46',2,NULL),(379,'20171S000336','Prof Enio Garbelini',NULL,'2016-10-03 10:55:20',2,NULL),(381,'201715002127','Prof. César Niche',NULL,'2016-10-10 14:56:36',2,NULL),(382,'201715002127','Prof. Eduardo Cardoso de Abreu',NULL,'2016-10-03 15:56:07',2,NULL),(383,'20171S002173','Prof. Cícero carvalho',NULL,'2016-10-05 11:32:16',2,NULL),(384,'20171S002173','Prof. Geraldo M. de A. Botelho',NULL,'2016-10-05 11:32:48',2,NULL),(385,'20171S002173','Prof Fernando R Rafaeli',NULL,'2016-10-05 11:31:40',2,NULL),(386,'20171S001826','Prof Marcelo J D Nascimento',NULL,'2016-10-03 11:46:07',2,NULL),(387,'20171S001826','Prof Weber F Pereira',NULL,'2016-10-03 11:46:31',2,NULL),(388,'NA16VS14D1A73CE4BD35','Profa.Michelle Fernanda P. Hernandez',NULL,'2016-10-06 14:31:04',2,NULL),(389,'20171S003437','Prof. Marcos Jardim',NULL,'2016-10-14 14:11:43',2,NULL),(390,'20171S003437','Prof. Rafael Leão',NULL,'2016-10-14 14:22:16',2,NULL),(391,'20171S003437','Prof Simone Marchesi',NULL,'2016-10-04 16:58:15',2,NULL),(392,'20171S000745','Prof. Tiago Giorgetti Chinellato',NULL,'2016-10-06 14:05:42',2,NULL),(393,'20171S000745','Profa Elen Priscila Stivam',NULL,'2016-10-06 14:06:07',2,NULL),(394,'76569','Profa Claudina Izepe',NULL,'2016-10-03 15:37:33',2,NULL),(395,'76569','Profa. Cheti',NULL,'2016-10-03 15:28:09',2,NULL),(396,'76569','Prof. Sergio Tozoni',NULL,'2016-09-15 14:47:15',2,NULL),(397,'076569','Profa Claudina Izepe',NULL,'2016-10-04 15:56:35',2,NULL),(398,'076569','Profa. Cheti',NULL,'2016-10-03 16:00:54',2,NULL),(399,'076569','Prof. Sergio Tozoni',NULL,'2016-09-16 11:06:12',2,NULL),(400,'20171S002386','Prof Wesley V I Shirabayashi',NULL,'2016-10-05 09:29:46',2,NULL),(401,'20171S002386','Prof. André Vicente',NULL,'2016-09-23 10:23:38',2,NULL),(402,'20171S002386','Prof. Emerson Castelani',NULL,'2016-10-05 09:30:25',2,NULL),(403,'20171S002933','Prof. Ivair Ramos Silva',NULL,'2016-09-23 10:57:40',2,NULL),(404,'20171S003963','Prof. Anderson Luis A. De Araujo',NULL,'2016-10-10 14:32:54',2,NULL),(405,'20171S003963','Prof Enoch H A Calla',NULL,'2016-10-03 15:24:17',2,NULL),(406,'20171S002438','Prof. João Domingos Scalon',NULL,'2016-10-18 09:06:45',2,NULL),(407,'20171S002438','Prof. Leonardo Henrique Costa',NULL,'2016-10-18 09:07:11',2,NULL),(408,'20171S002438','Profa Leticia L M Rodrigues',NULL,'2016-10-18 09:07:42',2,NULL),(409,'20171S002696','Prof Sandro M Guzzo',NULL,'2016-10-03 14:19:40',2,NULL),(410,'20171S002696','Prof André Vicente',NULL,'2016-10-03 14:19:18',2,NULL),(411,'20171S003024','Profa. Miriam Harumi Tsunemi',NULL,'2016-10-04 17:18:46',2,NULL),(412,'20171S003024','Prof. Rubens de Figueiredo Camargo',NULL,'2016-10-04 17:18:27',2,NULL),(413,'20171S003024','Prof. Paulo F. A. Mancera',NULL,'2016-10-04 17:18:09',2,NULL),(414,'20171S003024','Prof. Fernando L. Pio dos Santos',NULL,'2016-10-04 17:17:46',2,NULL),(415,'20171S003191','Prof. Fernando Ferraz do Nascimento',NULL,'2016-10-18 08:40:41',2,NULL),(416,'20171S003191','Prof. André Pinho',NULL,'2016-10-18 08:40:57',2,NULL),(417,'20171S002309','Prof. José Francisco Alves de Oliveira',NULL,'2016-09-20 13:43:04',2,NULL),(418,'20171S002309','Prof. Barnabé Pessoa Lima',NULL,'2016-09-23 10:07:50',2,NULL),(419,'20171S002309','Prof Marcondes R Clark',NULL,'2016-10-03 13:57:56',2,NULL),(420,'20171S002609','Prof Tertuliano Franco',NULL,'2016-10-03 14:16:37',2,NULL),(421,'20171S002609','Prof Kleyber M Cunha',NULL,'2016-10-03 14:15:52',2,NULL),(422,'20171S002609','Prof Mathieu Molitor',NULL,'2016-10-03 14:16:19',2,NULL),(423,'20171S004012','Profa Sônia M Fernandes',NULL,'2016-10-03 15:26:34',2,NULL),(424,'20171S004012','Prof. Anderson Luis A. De Araujo',NULL,'2016-10-10 14:31:44',2,NULL),(425,'20171S004012','Profa Lia F F Arantes',NULL,'2016-10-05 14:37:09',2,NULL),(426,'20171S003775','Profa. Rosangela Villwock',NULL,'2016-10-10 14:39:46',2,NULL),(427,'20171S003775','Prof. Sandro Marcos Guzzo',NULL,'2016-10-03 15:11:13',2,NULL),(428,'20171S003775','Prof. André Vicente',NULL,'2016-10-03 10:06:08',2,NULL),(429,'20171S003096','Profa. Cristina Lúcia Dias Vaz',NULL,'2016-10-04 08:58:04',2,NULL),(430,'20171S003096','Prof. Marcos Monteiro Diniz',NULL,'2016-10-03 15:14:21',2,NULL),(431,'20171S003096','Profa. Tania M. B. Valdivia',NULL,'2016-10-04 08:58:20',2,NULL),(432,'20171S001842','Profa. Maria Sueli Marconi Roversi',NULL,'2016-10-04 15:39:06',2,NULL),(433,'20171S001842','Prof. Ary Orozimbo Chiacchio',NULL,'2016-09-13 11:05:24',2,NULL),(434,'20171S001842','Prof. Ricardo Inácio Batista Júnior',NULL,'2016-09-13 11:05:49',2,NULL),(435,'20171S001842','Prof. Alberto Saa',NULL,'2016-09-13 11:05:05',2,NULL),(436,'20171S004090','Prof Paulo César C Oliveira',NULL,'2016-10-03 16:57:04',2,NULL),(437,'20171S004090','Flavio França Cruz',NULL,'2016-10-04 09:10:16',2,NULL),(438,'20171S001035','Prof Remy Sanchis',NULL,'2016-10-04 10:33:07',2,NULL),(439,'20171S001035','Prof Silas L Carvalho',NULL,'2016-10-04 10:33:25',2,NULL),(440,'20171S003047','Prof. Rodrigo Fresneda',NULL,'2016-10-04 15:11:21',2,NULL),(441,'20171S003047','Profa. Ana Carolina Boero',NULL,'2016-10-04 15:11:41',2,NULL),(442,'20171S003986','Prof Emerson F Melo',NULL,'2016-10-05 14:40:25',2,NULL),(443,'20171S003986','Daniela A Amato',NULL,'2016-10-04 09:13:28',2,NULL),(444,'20171S003986','Profa Cristina Acciarri',NULL,'2016-10-03 15:25:11',2,NULL),(445,'20171S000383','Prof. Alexsandro B. Cavalcanti',NULL,'2016-10-18 09:44:52',2,NULL),(446,'20171S002513','Prof. Aparecido Jesuino de Souza',NULL,'2016-10-05 09:53:34',2,NULL),(447,'20171S002513','Prof. Luiz Antônio da Silva Medeiros',NULL,'2016-10-03 15:51:17',2,NULL),(448,'20171S001242','Prof. Juliano Damião B. de Godoi',NULL,'2016-09-15 16:31:35',2,NULL),(449,'20171S001242','Profa. Celene Buriol',NULL,'2016-09-15 16:32:26',2,NULL),(450,'20171S001242','Prof. Marcio Violante Ferreira',NULL,'2016-09-15 16:31:58',2,NULL),(451,'20171S000916','Profa. Marta Cilene Gadotti',NULL,'2016-09-01 15:51:22',2,NULL),(452,'20171S000916','Profa. Suzinei Aparecida S. Marconato',NULL,'2016-09-01 15:51:43',2,NULL),(453,'20171S000916','Prof. NELSON CALLEGARI JR',NULL,'2016-09-01 15:51:02',2,NULL),(454,'20171S000727','Prof Francesco Matucci',NULL,'2016-10-03 11:22:21',2,NULL),(455,'20171S000727','Prof. Adriano Moura',NULL,'2016-10-03 15:42:00',2,NULL),(456,'20171S000727','Profa Marines Guerreiro',NULL,'2016-10-03 11:22:51',2,NULL),(457,'20171S000009','Prof. Emmanuel Vespier',NULL,'2016-08-04 14:11:01',2,NULL),(458,'20171S000009','Profa. Maria Nazaré Bandeira',NULL,'2016-08-04 14:11:33',2,NULL),(459,'20171S003447','Prof Oscar Santamaria',NULL,'2016-10-04 14:20:46',2,NULL),(460,'20171S000979','Prof João Carlos F Costa',NULL,'2016-10-03 11:28:17',2,NULL),(461,'20171S000979','Prof.Tiago de Carvalho',NULL,'2016-09-15 16:00:15',2,NULL),(462,'20171S000979','Claudio Gomes Pessoa',NULL,'2016-09-20 16:52:30',2,NULL),(463,'20171S000735','Prof Lúcio T Santos',NULL,'2016-10-05 14:59:32',2,NULL),(464,'20171S000735','Profa. Cheti',NULL,'2016-10-03 16:08:14',2,NULL),(465,'20171S001243','Prof. Carlile Lavor',NULL,'2016-09-15 16:46:19',2,NULL),(466,'20171S001243','Prof. Giuliano Gadioli La Guardia',NULL,'2016-09-15 16:45:54',2,NULL),(467,'20171S001243','Prof Fernando Torres',NULL,'2016-10-05 15:07:31',2,NULL),(468,'20171S001243','Prof Olivâine S Queiroz',NULL,'2016-10-04 16:55:22',2,NULL),(469,'20171S004111','Prof. Walter Teofilo Huaraca Vargas',NULL,'2016-10-14 14:15:07',2,NULL),(470,'20171S000188','Prof. Sérgio Mota Alves',NULL,'2016-09-15 10:20:59',2,NULL),(471,'20171S000188','Prof. Cícero Alfredo da Silva Filho',NULL,'2016-09-30 09:27:49',2,NULL),(472,'20171S000188','Prof. Nestor Castañeda Centurión',NULL,'2016-09-15 10:21:21',2,NULL),(473,'NA16VS148E6764DC2BE8','Prof. Cicero A. da silva Filho',NULL,'2016-10-06 14:23:58',2,NULL),(474,'NA16VS148E6764DC2BE8','Prof. Nestor Felipe C. Centurion',NULL,'2016-10-06 14:23:24',2,NULL),(475,'20171S000967','Prof Marcelo F Almeida',NULL,'2016-10-03 11:26:19',2,NULL),(476,'20171S000967','Prof Danilo D Silva',NULL,'2016-10-03 11:26:40',2,NULL),(477,'20171S000967','Prof. Zaquel Alves Ramos',NULL,'2016-09-13 17:05:19',2,NULL),(478,'20171S001994','Profa. Lucelina Batista Santos',NULL,'2016-10-03 15:49:58',2,NULL),(479,'20171000366','Profa. Elíris Cristina Rizziolli',NULL,'2016-09-13 14:58:30',2,NULL),(480,'20171000366','Profa. Renata Zotin Gomes de Oliveira',NULL,'2016-10-06 11:30:21',2,NULL),(481,'20171000366','Profa. Marta C. Gadotti',NULL,'2016-09-13 14:58:08',2,NULL),(482,'20171S001339','Profa Maria do Socorro N Rangel',NULL,'2016-10-05 09:14:03',2,NULL),(483,'20171S001339','Prof. Silvio A. de Araujo',NULL,'2016-09-13 13:43:50',2,NULL),(484,'20171S000643','Prof Petrônio Pulino',NULL,'2016-10-05 14:47:27',2,NULL),(485,'20171S000643','Profa. Márcia Ruggiero',NULL,'2016-10-03 16:02:52',2,NULL),(486,'20171S004003','Profa. Grasiele Cristiane Jorge',NULL,'2016-10-03 15:48:53',2,NULL),(487,'20171S004003','Profa. Gleiciane da Silva Aragão',NULL,'2016-10-03 15:48:31',2,NULL),(488,'20171S004003','Prof Luis Felipe Bueno',NULL,'2016-10-05 09:03:15',2,NULL),(489,'20171S003203','Profa Grasiele Jorge',NULL,'2016-10-03 14:45:38',2,NULL),(490,'20171S003203','Profa Gleiciane Aragão',NULL,'2016-10-03 14:45:55',2,NULL),(491,'20171S003203','Prof Luis Felipe Bueno',NULL,'2016-10-03 14:44:26',2,NULL),(492,'NA16VS144D0294BE19ED','Profa. Ana Carolina Boero',NULL,'2016-09-30 09:50:21',2,NULL),(493,'20171S002282','Profa. Mariana Rodrigues da Silveira',NULL,'2016-09-30 09:25:23',2,NULL),(494,'20171S002282','Prof. Roldão da Rocha Junior',NULL,'2016-09-22 15:32:34',2,NULL),(495,'20171S002282','Prof. Márcio Fabiano da Silva',NULL,'2016-09-30 09:26:14',2,NULL),(496,'20171S002282','Profa. Ana Carolina Boero',NULL,'2016-09-30 09:24:41',2,NULL),(497,'20171S002921','Prof. Marcelo Muniz Silva Alves',NULL,'2016-10-03 15:53:32',2,NULL),(498,'20171S002921','Prof. Claiton Petris Massarolo',NULL,'2016-10-04 16:41:44',2,NULL),(499,'20171S002921','Prof Rodrigo Bloot',NULL,'2016-10-04 16:41:18',2,NULL),(500,'20171S000373','Prof Francesco Matucci',NULL,'2016-10-03 11:18:29',2,NULL),(501,'20171S000373','Prof Paulo Ruffino',NULL,'2016-10-03 11:17:56',2,NULL),(502,'20171S000373','Prof. Sergio Antonio Tozoni',NULL,'2016-09-15 16:51:16',2,NULL),(503,'20171S000163','Prof. Lucio Centrone',NULL,'2016-09-15 10:31:30',2,NULL),(504,'20171S000163','Prof Francesco Matucci',NULL,'2016-10-03 11:05:07',2,NULL),(505,'20171S002569','Prof. Fábio Júlio da Silva Valentim',NULL,'2016-09-23 10:03:40',2,NULL),(506,'20171S002569','Prof. José Gilvan de Oliveira',NULL,'2016-10-14 14:08:14',2,NULL),(507,'20171S002110','Profa. Maria do Rosário Fernandes',NULL,'2016-10-03 15:17:31',2,NULL),(508,'20171S002110','Profa. Amanda Suellen Sena Corrêa Leão',NULL,'2016-09-20 11:28:33',2,NULL),(509,'20171S002110','Paula Marques Smith',NULL,'2016-09-15 11:33:42',2,NULL),(510,'20171S002110','Prof. João Rodrigues Dos Santos Jr',NULL,'2016-09-15 11:34:19',2,NULL),(511,'20171S000313','Profa. Andrea Lucchesi',NULL,'2016-10-18 09:12:32',2,NULL),(512,'20171S000430','Profa. Carina Alves',NULL,'2016-10-05 11:25:21',2,NULL),(513,'20171S000430','Profa. Sabrina Thais B. Costa',NULL,'2016-09-01 16:53:37',2,NULL),(514,'20171S000430','Profa. Suzete Maria Silva Afonso',NULL,'2016-09-01 16:54:00',2,NULL),(515,'20171S000752','Profa Fátima Silva Leite',NULL,'2016-09-15 11:12:11',2,NULL),(516,'20171S000752','Profa. Ana Cristina Martins Ros',NULL,'2016-09-15 11:11:48',2,NULL),(517,'20171S000752','Prof. Igor dos Santos Lima',NULL,'2016-09-20 11:16:09',2,NULL),(518,'20171S002145','Prof. Manuel Villegas Lerma',NULL,'2016-09-30 09:33:28',2,NULL),(519,'20171S002145','Prof. Alexander Quintero',NULL,'2016-09-30 09:34:44',2,NULL),(520,'20171S002145','Prof. Gonzalo García Camacho',NULL,'2016-09-30 09:35:12',2,NULL),(521,'20171S003830','Prof Luiz Antonio S Medeiros',NULL,'2016-10-03 15:20:19',2,NULL),(522,'20171S003830','Prof Diogo D P S Silva',NULL,'2016-10-03 15:19:44',2,NULL),(523,'20171S003830','Prof Antonio Brandão',NULL,'2016-10-03 15:19:17',2,NULL),(524,'20171S000293','Profa. Luciana de Fátima Martins',NULL,'2016-10-14 14:17:42',2,NULL),(525,'20171S000293','Profa Carina Alves',NULL,'2016-10-03 11:13:23',2,NULL),(526,'20171S000293','Profa Ermínia L C Fanti',NULL,'2016-10-03 11:13:47',2,NULL),(527,'20171S002766','Profa. Elíris Cristina Rizziolli',NULL,'2016-09-23 10:53:43',2,NULL),(528,'20171S003904','Prof Paulo C Oliveira',NULL,'2016-10-03 13:47:33',2,NULL),(529,'20171S003904','Prof. Flávio França',NULL,'2016-10-03 13:48:02',2,NULL),(530,'20171S000221','Prof. João Xavier da Cruz Neto',NULL,'2016-09-13 10:45:46',2,NULL),(531,'20171S000680','Prof. Barnabé Pessoa Lima',NULL,'2016-09-13 10:47:40',2,NULL),(532,'20171S000680','Prof. Paulo Alexandre Araujo.pdf',NULL,'2016-09-01 15:44:21',2,NULL),(533,'20171S000328','Profa. Dorothy Bollman',NULL,'2016-10-13 10:09:10',2,NULL),(534,'20171S000328','Prof. Yoe Alexander Herrera Jaramillo',NULL,'2016-10-13 10:08:50',2,NULL),(535,'20171S003501','Prof Murillo Castilho',NULL,'2016-10-04 14:52:10',2,NULL),(536,'20171S003501','Profa Kelly Poldi',NULL,'2016-10-04 14:52:26',2,NULL),(537,'20171S003501','Profa. Márcia Ruggiero',NULL,'2016-10-03 16:03:47',2,NULL),(538,'20171S000394','Prof. Odilon Delmont',NULL,'2016-10-03 10:04:57',2,NULL),(539,'NA16VS1431AC3DDA6F97','Prof. Luis H. de Miranda',NULL,'2016-10-06 14:42:48',2,NULL),(540,'NA16VS1431AC3DDA6F97','Profa. Irina Sviridova',NULL,'2016-10-06 14:42:27',2,NULL),(541,'20171S002391','Prof. Orlando dos Santos Pereira',NULL,'2016-09-20 13:50:13',2,NULL),(542,'20171S002391','Profa. Irina Sviridova',NULL,'2016-10-10 14:29:10',2,NULL),(543,'20171S000676','Prof. Pedro José Catuogno',NULL,'2016-10-03 13:33:19',2,NULL),(544,'20171S000676','Prof. Rafael Leão',NULL,'2016-10-03 13:33:37',2,NULL),(545,'20171soo3619','Prof Cicero Carvalho',NULL,'2016-10-05 11:03:51',2,NULL),(546,'20171soo3619','Prof. Geraldo M. de Azevedo Botelho',NULL,'2016-10-06 11:50:45',2,NULL),(547,'20171S003299','Prof Marcos V Travaglia',NULL,'2016-10-03 15:00:38',2,NULL),(548,'20171S003400','Prof. Daniel Furtado Ferreira',NULL,'2016-10-18 09:21:30',2,NULL),(549,'20171S003400','Prof. Júlio Sílvio de Sousa Bueno Filho',NULL,'2016-10-18 09:21:47',2,NULL),(550,'20171S000898','Prof. Pedro Toniol Cardin',NULL,'2016-09-23 10:24:50',2,NULL),(551,'20171S000898','Prof. Aurelio R. L. Oliveira',NULL,'2016-10-14 14:26:06',2,NULL),(552,'20171S000898','Profa. Kelly Cristina',NULL,'2016-10-05 11:00:46',2,NULL),(553,'20171S002061','Prof. Aurelio R. L. Oliveira',NULL,'2016-10-17 15:18:59',2,NULL),(554,'20171S002061','Prof. José Plínio de Oliveira Santos',NULL,'2016-10-05 11:36:30',2,NULL),(555,'20171S002061','Prof. Carlile Campos Lavor',NULL,'2016-10-05 11:36:08',2,NULL),(556,'20171S003376','Profa Liliana A Diogo',NULL,'2016-10-04 14:55:55',2,NULL),(557,'20171S003376','Prof Renato L Prado',NULL,'2016-10-04 14:55:34',2,NULL),(558,'20171S003376','Prof Eder Molina',NULL,'2016-10-04 14:55:16',2,NULL),(559,'20171S001349','Profa. Thaís Jordão',NULL,'2016-09-20 11:52:21',2,NULL),(560,'20171S001349','Prof. Ruben Burga Barboza',NULL,'2016-09-20 11:52:46',2,NULL),(561,'20171S001349','Prof Leandro F Aurichi',NULL,'2016-10-03 11:35:24',2,NULL),(562,'20171S002813','Prof Lino M Silva',NULL,'2016-10-03 14:30:04',2,NULL),(563,'20171S001901','Weber F. Pereira',NULL,'2016-09-15 14:41:37',2,NULL),(564,'20171S001901','Prof João Carlos F Costa',NULL,'2016-10-03 13:38:02',2,NULL),(565,'20171S001901','Profa Juliana C P Pereira',NULL,'2016-10-03 13:38:26',2,NULL),(566,'20171S001991','Prof Paulo Ruffino',NULL,'2016-10-04 14:02:27',2,NULL),(567,'20171S001991','Prof Fabio Bertato',NULL,'2016-10-04 14:02:02',2,NULL),(568,'20171S003077','Prof. Moiseis Cecconello',NULL,'2016-10-05 09:04:57',2,NULL),(569,'20171S003077','Prof. Norberto Maidana',NULL,'2016-10-05 09:05:27',2,NULL),(570,'NA16VS14AF411443E520','Prof. Fabio Scalco Dias',NULL,'2016-10-06 14:47:43',2,NULL),(571,'NA16VS14AF411443E520','Prof. Braulio Augusto Garcia',NULL,'2016-10-06 14:47:27',2,NULL),(572,'20171S002178','Prof. Juan Carlos R Terán',NULL,'2016-10-18 08:39:23',2,NULL),(573,'20171S002178','Prof. Eduardo Mariutti',NULL,'2016-10-18 08:38:58',2,NULL),(574,'20171S002178','Prof Alessandro Marques',NULL,'2016-10-18 08:39:58',2,NULL),(577,'20171S001416','Profa. Cheti',NULL,'2016-10-03 15:23:21',2,NULL),(578,'20171S001416','Prof José Mario Martínez',NULL,'2016-10-05 15:03:44',2,NULL),(579,'20171S003767','Prof. Plamen Kochloukov',NULL,'2016-10-03 17:04:34',2,NULL),(580,'20171S003767','Prof Francesco Matucci',NULL,'2016-10-03 17:04:05',2,NULL),(581,'20171S003767','Prof Simone Marchesi',NULL,'2016-10-04 17:00:09',2,NULL),(582,'20171S001029','Prof. Lucas Catão',NULL,'2016-09-15 15:13:45',2,NULL),(583,'20171S001029','Prof Paulo Ruffino',NULL,'2016-10-03 11:29:17',2,NULL),(584,'20171S001029','Prof. Waldemar Donizete Bastos',NULL,'2016-09-15 15:13:23',2,NULL),(585,'20171S001029','Prof. Ricardo M Martins',NULL,'2016-10-10 09:33:33',2,NULL),(586,'20171S004048','Profa Sônia M Fernandes',NULL,'2016-10-03 15:32:08',2,NULL),(587,'20171S004048','Prof. Anderson Luis A. De Araujo',NULL,'2016-10-10 14:33:50',2,NULL),(588,'20171S004048','Profa. MARINES GUERREIRO',NULL,'2016-10-14 14:06:57',2,NULL),(589,'20171S000637','Profa. Vanessa A. Botta Pirani',NULL,'2016-09-15 10:50:11',2,NULL),(590,'20171S000637','Prof. Carlos J. L. Constantino',NULL,'2016-09-15 10:50:29',2,NULL),(591,'20171S000007','Prof. Francesc Arandiga LLaudes',NULL,'2016-10-07 09:37:15',2,NULL),(592,'20171S000007','Profa. Rosa M. Beneito',NULL,'2016-10-07 09:37:31',2,NULL),(593,'20171S003668','Prof Paulo C Oliveira',NULL,'2016-10-04 13:45:24',2,NULL),(594,'20171S003668','Prof. Flávio França',NULL,'2016-10-04 13:46:08',2,NULL),(595,'20171S001174','Prof. Hyun Mo Yang',NULL,'2016-09-13 13:41:36',2,NULL),(596,'20171S001174','Prof. Wilson Castro Ferreira Junior',NULL,'2016-09-13 13:41:52',2,NULL),(597,'20171S001174','Prof. Fábio Roberto Chavarette',NULL,'2016-09-13 13:41:05',2,NULL),(598,'20171S000662','Prof. Newton Luís Santos',NULL,'2016-09-15 15:51:28',2,NULL),(599,'20171S000662','Prof. Barnabé Pessoa Lima',NULL,'2016-09-15 15:51:44',2,NULL),(600,'20171S004154','Prof. Fabiano Borges da Silva',NULL,'2016-10-10 14:23:38',2,NULL),(601,'20171S004154','Profa. Renata de Farias L. Carvalho',NULL,'2016-10-14 14:13:57',2,NULL),(602,'20171S004154','Prof. Adecarlos Costa Carvalho',NULL,'2016-10-14 14:13:21',2,NULL),(603,'20171s001698','Prof. Almir Rogério Silva Santos',NULL,'2016-09-13 15:51:25',2,NULL),(604,'20171s001698','Prof. Danilo Dias da Silva',NULL,'2016-09-13 15:51:03',2,NULL),(605,'20171s001698','Prof. Zaqueu Alves Ramos',NULL,'2016-09-16 10:37:15',2,NULL),(606,'20171S000427','Prof Diego Ledesma',NULL,'2016-10-05 14:55:50',2,NULL),(607,'20171S000427','Prof. Carlos Alberto B. Brango',NULL,'2016-09-15 16:40:38',2,NULL),(608,'20171S000427','Prof. CARLOS ALBERTO REALES MARTINEZ',NULL,'2016-09-23 10:09:45',2,NULL),(609,'20171S000427','Prof. Pedro Catuogno',NULL,'2016-09-15 16:40:16',2,NULL),(610,'20171S002352','Prof Junior Cesar A Soares',NULL,'2016-10-04 15:00:20',2,NULL),(611,'20171S001354','Prof. Aurelio R. L. Oliveira',NULL,'2016-10-14 14:25:22',2,NULL),(612,'20171S001354','Profa. Cheti',NULL,'2016-10-03 15:57:36',2,NULL),(613,'20171S001354','Profa. Kelly Cristina Poldi',NULL,'2016-10-05 10:57:43',2,NULL),(614,'20171S003418','Prof. Roberto Behar',NULL,'2016-10-19 09:02:02',2,NULL),(615,'20171S002766','Profa. Marta Cilene Gadotti',NULL,'2016-10-19 11:25:53',2,NULL),(616,'20171S002766','Profa. Selene Maria Coelho Loibel',NULL,'2016-10-19 11:26:13',2,NULL),(617,'20171S001776','Prof. Cássius Anderson M. de Melo',NULL,'2016-10-19 11:34:44',2,NULL),(618,'201715001200','Prof. Cássius Anderson M. de Melo',NULL,'2016-10-19 11:35:15',2,NULL),(619,'20171S002183','Prof. Virgilio Ayala',NULL,'2016-10-19 11:36:24',2,NULL),(620,'20171S002696','Trajano P Nobrega Neto',NULL,'2016-10-19 11:41:45',2,NULL),(621,'20171S001826','Profa. Andréa C. Prokopczyk Arita',NULL,'2016-10-19 11:43:23',2,NULL),(622,'20171S002159','Prof. Juaci Picanço da Silva',NULL,'2016-10-21 09:32:53',2,NULL),(623,'20171S000165','Prof. Juaci Picanço da Silva',NULL,'2016-10-21 09:33:52',2,NULL),(624,'20171S004111','Profa. Ariane Piovezan Entringer',NULL,'2016-10-21 09:38:14',2,NULL),(625,'20171S004111','Prof. Mercio Botelho Faria',NULL,'2016-10-21 09:38:42',2,NULL),(626,'20171S003963','Prof. Bulmer Mejía García',NULL,'2016-10-21 09:39:49',2,NULL),(627,'20171S003670','Prof. Romeu Reginato',NULL,'2016-10-21 09:45:30',2,NULL),(628,'20171S003418','Prof Victor M G Rojas',NULL,'2016-10-21 10:54:43',2,NULL),(629,'20171S003418','Prof. Javier Olaya Ochoa',NULL,'2016-10-21 10:55:03',2,NULL),(630,'20171S003773','Prof. Rafael Izbicki',NULL,'2016-10-21 10:55:46',2,NULL),(631,'20171S004738','Prof. Allan Novaes',NULL,'2016-10-21 10:57:03',2,NULL),(632,'20171S004738','Prof. Urias Echterhoff Takatohi',NULL,'2016-10-21 10:57:20',2,NULL),(633,'20171S005011','Prof. Urias Echterhoff Takatohi',NULL,'2016-10-21 10:58:16',2,NULL),(634,'612','Dilson Henrique R. Evangelista',NULL,'2016-10-21 11:06:00',2,NULL),(635,'612','Profa. Roziane Sobreira dos Santos',NULL,'2016-10-21 11:06:21',2,NULL),(636,'612','Profa. Érica Vieira Nogueira',NULL,'2016-10-21 11:06:40',2,NULL),(637,'20171S001055','Prof. Alexandre Siqueira G. Coelho',NULL,'2016-10-21 11:07:45',2,NULL),(638,'20171S001055','Prof. Marcio Augusto F. Rodrigues',NULL,'2016-10-21 11:08:17',2,NULL),(639,'20171S005117','Prof. Augusto Maciel da Silva',NULL,'2016-10-21 11:10:46',2,NULL),(640,'20171S005117','Prof. Fábio Mariano Bayer',NULL,'2016-10-21 11:11:04',2,NULL),(641,'20171S005117','Prof. José Luiz Padilha da Silva',NULL,'2016-10-21 11:11:21',2,NULL),(642,'20171S000706','Prof. Gudberto León',NULL,'2016-10-21 11:12:19',2,NULL),(643,'20171S000706','Prof. Ramón Pino Pérez',NULL,'2016-10-21 11:12:35',2,NULL),(644,'20171S000706','Profa. Anna Gabriela Pérez Méndez',NULL,'2016-10-21 11:12:51',2,NULL),(645,'20171S002222','Prof. Eden Santos Silva',NULL,'2016-10-21 11:14:21',2,NULL),(646,'20171S002222','Prof. Marcelo Caethano Souza Cabeça',NULL,'2016-10-21 11:14:36',2,NULL),(647,'20171S000672','Profa. Cheti',NULL,'2016-10-21 11:16:19',2,NULL),(648,'20171S002429','Prof. Newton da Fonseca de Freitas Junior',NULL,'2016-10-21 11:17:27',2,NULL),(649,'20171S002429','Prof. Adriana Franco Bueno Braga',NULL,'2016-10-21 11:17:49',2,NULL),(650,'20171S003772','Prof Kuang Hongyu',NULL,'2016-10-21 11:18:53',2,NULL),(651,'20171S003772','Prof Marcelino Pascoa',NULL,'2016-10-21 11:19:19',2,NULL),(652,'20171S003772','Prof. Juliano Bortolini',NULL,'2016-10-21 11:19:36',2,NULL),(653,'20171S005211','Profa. Amanda da Silva Lira ',NULL,'2016-10-21 11:21:56',2,NULL),(654,'20171S005211','Profa. Cristiane Toniolo Dias',NULL,'2016-10-21 11:22:28',2,NULL),(656,'20171S003455','Prof. Nerio Aparecido Cardoso',NULL,'2016-10-21 11:29:02',2,NULL),(657,'20171S003455','Prof. Roziane Sobreira dos Santos',NULL,'2016-10-21 11:29:19',2,NULL),(658,'20171S003455','Profa Lisbeth Cordani',NULL,'2016-10-21 11:29:37',2,NULL),(659,'20171S002261','Prof. Rafael Enrique Ahumada Barrios',NULL,'2016-10-21 11:42:15',2,NULL),(660,'20171S002261','Prof. Jorge Rodriguez',NULL,'2016-10-21 11:42:54',2,NULL),(661,'20171S002261','Prof. Serguei Popov',NULL,'2016-10-21 11:43:15',2,NULL),(663,'20171S002324','Profa. Laura Rifo',NULL,'2016-10-21 11:46:06',2,NULL),(664,'20171S003870','Prof Carlos Pereira',NULL,'2016-10-21 15:54:15',2,NULL),(665,'20171S003870','Prof. Antonio Carlos Brolezzi',NULL,'2016-10-21 15:54:31',2,NULL),(666,'20171S003870','Profa. Roseli Fernandez',NULL,'2016-10-21 15:54:45',2,NULL),(667,'20171S005338','Prof. Ricardo Alves de Olinda',NULL,'2016-10-21 15:56:07',2,NULL),(668,'20171S005338','Profa. Divanilda Maia Esteves',NULL,'2016-10-21 15:56:41',2,NULL),(669,'20171S005338','Prof. Tiago Almeida de Oliveira',NULL,'2016-10-21 15:58:15',2,NULL),(670,'20171S004433','Prof Helton Saulo',NULL,'2016-10-21 16:23:26',2,NULL),(671,'20171S004433','Prof. Luis Rodrigo F. Baumann',NULL,'2016-10-21 16:23:41',2,NULL),(672,'20171S004433','Prof. Valdivino Vargas Junior',NULL,'2016-10-21 16:23:55',2,NULL),(673,'20171S001138','Prof. Samuel José Casarin',NULL,'2016-10-21 16:24:57',2,NULL),(674,'20171S001138','Prof Washington L M Braga',NULL,'2016-10-21 16:25:12',2,NULL),(675,'20171S001138','Profa Gysele Lima Ricci',NULL,'2016-10-21 16:25:26',2,NULL),(676,'20171S001372','Prof Cezar Guedes',NULL,'2016-10-24 08:38:07',2,NULL),(677,'20171S001372','Prof. Cleber Ferrer Barbosa',NULL,'2016-10-24 08:38:41',2,NULL),(678,'20171S001372','Prof. Joilson de Assis Cabral',NULL,'2016-10-24 08:39:00',2,NULL),(679,'20171S002073','Prof. Fernando Freitas',NULL,'2016-10-24 08:40:31',2,NULL),(680,'20171S002073','Prof. Adilson Caldeira',NULL,'2016-10-24 08:40:47',2,NULL),(681,'20171S002073','Prof. Roberto Quinino',NULL,'2016-10-24 08:41:18',2,NULL),(682,'20171S005200','Prof. Enio Junior Seidel',NULL,'2016-10-24 08:44:58',2,NULL),(683,'20171S005200','Prof. Fábio Mariano Bayer',NULL,'2016-10-24 08:45:18',2,NULL),(684,'20171S005200','Prof. Fernando de Jesus M. Junior',NULL,'2016-10-24 08:45:38',2,NULL),(685,'20171S004400','Prof. Cesar Augusto Taconeli',NULL,'2016-10-24 09:12:09',2,NULL),(686,'20171S004400','Prof. Walmes Marques Zeviani',NULL,'2016-10-24 09:12:23',2,NULL),(687,'20171S005119','Prof. Enio Junior Seidel',NULL,'2016-10-24 09:23:41',2,NULL),(688,'20171S005119','Prof. Fábio Mariano Bayer',NULL,'2016-10-24 09:24:02',2,NULL),(689,'20171S005180','Prof. André Luís Santos de Pinho',NULL,'2016-10-24 09:25:43',2,NULL),(690,'20171S005180','Prof. Dione Maria Valença',NULL,'2016-10-24 09:25:59',2,NULL),(691,'20171S005083','Prof. Walmes Marques Zeviani',NULL,'2016-10-24 09:27:47',2,NULL),(692,'20171S005083','Profa. Suely Ruiz Giolo',NULL,'2016-10-24 09:28:16',2,NULL),(693,'20171S003315','Prof Ricardo A Olinda',NULL,'2016-10-24 09:31:19',2,NULL),(694,'20171S003315','Prof Tiago A Oliveira',NULL,'2016-10-24 09:31:37',2,NULL),(695,'20171S003315','Profa Ana Patrícia B Peixoto',NULL,'2016-10-24 09:31:55',2,NULL),(696,'20171S004775','Prof. Antonio Eduardo Gomes',NULL,'2016-10-24 09:42:54',2,NULL),(697,'20171S004775','Prof. Jhames Matos Sampaio',NULL,'2016-10-24 09:43:12',2,NULL),(698,'20171S004775','Profa.Marília Miranda Forte gomes',NULL,'2016-10-24 09:43:27',2,NULL),(699,'20171S005300','Prof. Rafael Izbicki',NULL,'2016-10-24 09:45:02',2,NULL),(700,'20171S005300','Profa. Teresa Cristina Martins Dias',NULL,'2016-10-24 09:45:49',2,NULL),(701,'20171S001843','Prof. Gonzalo Garcia Camacho',NULL,'2016-10-24 09:47:01',2,NULL),(702,'20171S001843','Prof. Jaime Mosquera Restrepo',NULL,'2016-10-24 09:47:20',2,NULL),(703,'20171S001843','Prof. JAVIER OLAYA OCHOA',NULL,'2016-10-24 09:47:39',2,NULL),(704,'20171S001843','Prof. Roberto Behar',NULL,'2016-10-24 09:49:09',2,NULL),(705,'20171S001843','Profa. Carmen Alicia Ramirez Bernate',NULL,'2016-10-24 09:49:23',2,NULL),(706,'20171S002867','Profa Gecynalda S S Gomes',NULL,'2016-10-24 09:51:02',2,NULL),(707,'20171S002867','Profa. Denise Nunes Viola',NULL,'2016-10-24 09:51:15',2,NULL),(708,'20171S002867','Profa. Verônica Maria Cadena Lima',NULL,'2016-10-24 09:51:30',2,NULL),(709,'20171S002105','Prof Francisco Vera',NULL,'2016-10-24 09:55:02',2,NULL),(710,'20171S002105','Prof Gaudencio M Zurita',NULL,'2016-10-24 09:56:44',2,NULL),(711,'20171S002105','Prof Guillermo Palma',NULL,'2016-10-24 09:56:58',2,NULL),(712,'20171S002105','Profa Eva M M Intriago',NULL,'2016-10-24 09:57:13',2,NULL),(713,'20171S002388','Prof. Rafael Bráz Azevedo Farias',NULL,'2016-10-24 09:58:20',2,NULL),(714,'2013138059','Prof. Leandro Ferreira',NULL,'2016-10-24 10:00:06',2,NULL),(715,'2013138059','Prof. Reinaldo Marques',NULL,'2016-10-24 10:00:23',2,NULL),(716,'2013138059','Profa. Patrícia de Siqueira Ramos',NULL,'2016-10-24 10:00:39',2,NULL),(717,'20171S004975','Prof. José Rafael S. Furlanetto',NULL,'2016-10-24 10:07:29',2,NULL),(718,'20171S004975','Prof. Rogério de Aguiar',NULL,'2016-10-24 10:07:43',2,NULL),(719,'20171S004975','Profa Elisa Henning',NULL,'2016-10-24 10:07:57',2,NULL),(720,'20171S004451','Prof. Frederico Ribeiro Rosas',NULL,'2016-10-24 10:13:32',2,NULL),(721,'20171S004451','Prof. Paulo Cesar Adani',NULL,'2016-10-24 10:13:45',2,NULL),(722,'20171S004451','Profa. Bruna Angela Branchi',NULL,'2016-10-24 10:13:57',2,NULL),(723,'20171S005284','Prof. Everton Batista da Rocha',NULL,'2016-10-24 10:15:11',2,NULL),(724,'20171S005284','Prof. Helton Saulo Bezerra dos Santos',NULL,'2016-10-24 10:15:33',2,NULL),(725,'20171S005284','Prof. Valdivino Vargas Júnior',NULL,'2016-10-24 10:15:46',2,NULL),(726,'20171S005125','Prof. Fernando de Jesus Moreira Junior',NULL,'2016-10-24 10:44:45',2,NULL),(727,'20171S005125','Profa. Angela Isabel dos Santos Dullius',NULL,'2016-10-24 10:45:02',2,NULL),(728,'20171S005125','Profa. Luciane Flores',NULL,'2016-10-24 10:45:17',2,NULL),(729,'20171S003910','Prof. Veronica Andrea Gonzalez-Lopez',NULL,'2016-10-24 10:50:02',2,NULL),(730,'20171S002079','Prof. Fernando Oliveira',NULL,'2016-10-24 10:50:56',2,NULL),(731,'20171S002079','Prof. Tiago Martins Pereira',NULL,'2016-10-24 10:51:13',2,NULL),(732,'20171S002079','Prof. Ivair Ramos Silva',NULL,'2016-10-24 10:51:33',2,NULL),(733,'20171S003132','Prof Luis Huamanchumo de la Cuba',NULL,'2016-10-24 10:54:13',2,NULL),(734,'20171S003132','Prof. Carlos Alvaro Risco',NULL,'2016-10-24 11:03:02',2,NULL),(735,'20171S002277','Prof. Jorge Antonio Acosta Piscoya',NULL,'2016-10-24 11:04:27',2,NULL),(736,'20171S002277','Profa. Débora Estiier Mejía Pacheco',NULL,'2016-10-24 11:04:42',2,NULL),(737,'20171S002641','Prof. Suely R. Giolo',NULL,'2016-10-24 11:05:43',2,NULL),(738,'20171S002641','Profa. Samara Flamini Kiihl',NULL,'2016-10-24 11:05:56',2,NULL),(739,'20171S005244','Prof. André Luís Santos de Pinho',NULL,'2016-10-24 11:06:42',2,NULL),(740,'20171S005244','Prof. Dione Maria Valença',NULL,'2016-10-24 11:07:00',2,NULL),(741,'20171S005244','Prof. Marcus Alexandre Nunes',NULL,'2016-10-24 11:07:18',2,NULL),(742,'a','Prof. Alberto Akio Shiga',NULL,'2016-10-24 11:08:24',2,NULL),(743,'a','Prof. Marcio Martins Coelho',NULL,'2016-10-24 11:08:42',2,NULL),(744,'a','Prof. Rafael Gasparetti',NULL,'2016-10-24 11:09:29',2,NULL),(745,'20171S003677','Prof. Juvencio Santos Nobre',NULL,'2016-10-24 11:12:55',2,NULL),(746,'20171S003677','Prof. Pushpa N. Rathie',NULL,'2016-10-24 11:13:08',2,NULL),(747,'2017S003650','Prof. Ana Maria Souza de Araujo',NULL,'2016-10-24 11:13:56',2,NULL),(748,'2017S003650','Prof. Juvêncio Nobre',NULL,'2016-10-24 11:14:10',2,NULL),(749,'2017S003650','Profa Maria Jacqueline Batista',NULL,'2016-10-24 11:14:22',2,NULL),(750,'20171S000656','Prof.  Hermes Antonio Pedroso',NULL,'2016-10-24 11:15:30',2,NULL),(751,'20171S000656','Prof. Waldemar Donizete Bastos',NULL,'2016-10-24 11:15:43',2,NULL),(752,'20171S000656','Profa. Ermínia de Lourdes Campello Fanti',NULL,'2016-10-24 11:15:56',2,NULL),(753,'20171S005157','Prof. Juliano Bortolini',NULL,'2016-10-24 11:16:55',2,NULL),(754,'20171S005157','Prof. Marcelino Alves Rosa de Pascoa',NULL,'2016-10-24 11:17:08',2,NULL),(755,'20171S003734','Prof Celso R B Cabral',NULL,'2016-10-24 11:18:09',2,NULL),(756,'20171S003734','Prof Max Sousa de Lima',NULL,'2016-10-24 11:18:24',2,NULL),(757,'20171S002581','Prof. Márcio Augusto F. Rodrigues',NULL,'2016-10-24 11:19:16',2,NULL),(758,'20171S001499','Profa. Suzinei Aparecida Siqueira Marconato',NULL,'2016-10-24 11:20:20',2,NULL),(759,'20171S001499','Prof. José Silvio Govone',NULL,'2016-10-24 11:21:04',2,NULL),(760,'20171S001499','Profa. Renata Zotin Gomes de Oliveira',NULL,'2016-10-24 11:21:19',2,NULL),(761,'20171S003431','Profa. Nadia Biase',NULL,'2016-10-24 11:22:32',2,NULL),(762,'20171S003431','Profa. Raquel Romes Linhares',NULL,'2016-10-24 11:22:44',2,NULL),(763,'20171S000725','Profa. Mariana Rodrigues Motta',NULL,'2016-10-24 11:24:17',2,NULL),(764,'20171S000725','Profa. Nancy Lopes Garcia',NULL,'2016-10-24 11:24:47',2,NULL),(765,'20171S000725','Prof. Antonio Carlos Moretti',NULL,'2016-10-24 11:25:07',2,NULL),(766,'20171S005236','Profa. Samara Flamini Kiihl',NULL,'2016-10-24 11:29:50',2,NULL),(767,'20171S005236','Profa. Tatiana Andrea B. Carvalho',NULL,'2016-10-24 11:32:01',2,NULL),(768,'Impressão da Inscriç','Prof. Alexandre Teso',NULL,'2016-10-24 11:33:19',2,NULL),(769,'Impressão da Inscriç','Profa. Egiane Carla Camillo Alexandre',NULL,'2016-10-24 11:33:56',2,NULL),(770,'20171S002933','Prof. Fernando Oliveira',NULL,'2016-10-24 11:35:20',2,NULL),(771,'20171S002933','Profa. Erica Castilho Rodrigues',NULL,'2016-10-24 11:35:31',2,NULL),(772,'20171S004429','Prof. Juliano Bortolini',NULL,'2016-10-24 11:36:24',2,NULL),(773,'20171S004429','Prof. Marcelino Alves R. de Pascoa',NULL,'2016-10-24 11:36:37',2,NULL),(774,'20171S004429','Profa. Eveliny Barroso da Silva',NULL,'2016-10-24 11:36:52',2,NULL),(775,'20171S002279','Prof Gudencio M Zurita',NULL,'2016-10-24 11:37:43',2,NULL),(776,'20171S002279','Prof Jorge Medina',NULL,'2016-10-24 11:37:56',2,NULL),(777,'20171S002279','Profa Sandra Lorena Garcia Bustos',NULL,'2016-10-24 11:38:07',2,NULL),(778,'20171S004738','Prof. Ivanildo Gomes do Prado',NULL,'2016-10-27 08:51:13',2,NULL),(779,'20171S001994','Prof. Laécio Carvalho de Barros',NULL,'2016-10-31 14:07:29',2,NULL),(780,'20171S004049','Prof. Laécio Carvalho de Barros',NULL,'2016-10-31 14:09:25',2,NULL),(781,'20171S001011','Prof. João F. C. A. Meyer',NULL,'2016-10-31 14:10:35',2,NULL),(782,'20171S001109','Prof. Fernando Mejías',NULL,'2016-10-31 14:16:04',2,NULL),(783,'20171S001124','Prof. Fernando Mejías',NULL,'2016-10-31 14:16:51',2,NULL),(784,'20171S005083','Prof. Paulo Justiniano Ribeiro Junior',NULL,'2016-10-31 14:19:20',2,NULL),(785,'20171S004400','Prof. Paulo Justiniano Ribeiro Junior',NULL,'2016-10-31 14:20:36',2,NULL),(786,'20171S000383','Profa. Michelli Barros',NULL,'2016-10-31 14:21:56',2,NULL),(787,'20171S003734','Prof. James Dean Oliveira',NULL,'2016-11-04 13:38:58',2,NULL),(788,'20171S003910','Prof. Filidor Vilca',NULL,'2016-11-04 13:40:28',2,NULL),(789,'20171S005236','Prof. Filidor Vilca',NULL,'2016-11-04 13:42:15',2,NULL),(790,'20171S002401','Ricardo Tavares',NULL,'2016-11-04 13:45:20',2,NULL),(791,'20171S003299','Prof. Cícero Aquino',NULL,'2016-11-04 13:47:47',2,NULL),(792,'20172S000046','Wenderson Marques Ferreira',NULL,'2017-03-21 16:47:27',2,NULL),(793,'20172S000030','Marcelo Fernandes de Almeida',NULL,'2017-03-21 16:48:34',2,NULL),(794,'20172S000030','Lucia de Fátima M B Dias',NULL,'2017-03-21 16:49:40',2,NULL),(797,'20172S000075','Gilberto de Miranda Junior',NULL,'2017-03-21 16:53:32',2,NULL),(798,'20172S000032','Rodney Carlos Bassanezi',NULL,'2017-03-21 17:04:25',2,NULL),(799,'20172S000032','Alberto Saa',NULL,'2017-03-21 17:11:35',2,NULL),(800,'20172S000032','Joni',NULL,'2017-03-21 17:14:26',2,NULL),(801,'20172S000029','Tania Carvalho',NULL,'2017-03-21 17:15:35',2,NULL),(802,'20172S000060','Rogério de Aguiar',NULL,'2017-03-21 17:17:02',2,NULL),(803,'20172S000123','Marcelo Botelho C Moraes',NULL,'2017-03-24 09:29:44',2,NULL),(804,'20172S000246','Jaime Edmundo Apaza Rodriguez',NULL,'2017-03-28 17:04:41',2,NULL),(805,'20172S000246','Silvia Regina Vieira da Silva',NULL,'2017-03-28 17:05:25',2,NULL),(806,'20172S000029','Marcelo Gonçalves Oliveira Vieira',NULL,'2017-03-28 17:07:13',2,NULL),(807,'201725000244','Roxana López Cruz',NULL,'2017-03-28 17:12:26',2,NULL),(808,'20172S000046','Mauro Montealegre Cárdenas',NULL,'2017-03-28 17:13:29',2,NULL),(809,'20172S000118','Daniel Smania',NULL,'2017-03-28 17:18:38',2,NULL),(810,'20172S000118','Farid Tari',NULL,'2017-03-28 17:19:05',2,NULL),(811,'20172S000031','Régis Varão',NULL,'2017-04-05 11:23:50',2,NULL),(812,'20172S000031','Marcelo Martins dos Santos',NULL,'2017-04-05 11:24:49',2,NULL),(813,'20172S000034','Eduardo Garibaldi',NULL,'2017-04-05 11:26:14',2,NULL),(814,'20172S000109','Gilberto de Miranda Junior',NULL,'2017-04-05 11:27:54',2,NULL),(815,'20172S000648','Alberto Saa',NULL,'2017-04-05 11:29:20',2,NULL),(816,'20172S000060','Giuseppe Romanazzi',NULL,'2017-04-05 11:30:18',2,NULL),(817,'20172S000060','Estevão Esmi Laureano',NULL,'2017-04-05 11:31:23',2,NULL),(818,'20172S000260','Maria Helena Noronha',NULL,'2017-04-10 15:50:19',2,NULL),(819,'20172S000824','Valdomiro Rocha',NULL,'2017-04-10 15:51:27',2,NULL),(820,'20172S000708','João Xavier da Cruz Neto',NULL,'2017-04-17 15:47:35',2,NULL),(821,'20172S000708','Jurandir de Oliveira Lopes',NULL,'2017-04-17 15:50:19',2,NULL),(822,'20172S001083','Manuel de Jesus Furtado Real',NULL,'2017-04-17 15:56:19',2,NULL),(823,'20172S000824','Marco Aurélio Fonseca',NULL,'2017-04-17 15:57:23',2,NULL),(824,'20172S000245','Suzete Maria Silva Afonso',NULL,'2017-04-17 15:58:32',2,NULL),(825,'20172S000363','Fabiano Borges da Silva',NULL,'2017-04-17 15:59:18',2,NULL),(826,'20172S000031','Waleed Noor',NULL,'2017-04-17 16:00:11',2,NULL),(827,'20172S000075','Isaac Pinheiro dos Santos',NULL,'2017-04-25 11:37:21',2,NULL),(828,'20172S000075','Daniel Thomes Fernandes',NULL,'2017-04-25 11:37:47',2,NULL),(829,'20172S000109','Isaac Pinheiro dos Santos',NULL,'2017-04-25 11:38:52',2,NULL),(830,'20172S001213','Alberto Saa',NULL,'2017-04-25 11:40:09',2,NULL),(831,'20172S000997','Obidio Rubio',NULL,'2017-04-25 11:41:29',2,NULL),(832,'QW486597','Nelson Maculan',NULL,'2017-04-25 11:42:22',2,NULL),(833,'QW486597','Paulo Roberto Oliveira',NULL,'2017-04-25 11:43:15',2,NULL),(834,'20172S000554','Mauro Montealegre Cárdenas',NULL,'2017-04-25 11:44:12',2,NULL),(835,'20172S000554','Jocirei Dias Ferreira',NULL,'2017-04-25 11:44:53',2,NULL),(836,'20172S000997','Edmundo Vergara Moreno',NULL,'2017-04-25 11:46:04',2,NULL),(837,'20172S000648','Eduardo Cardoso de Abreu',NULL,'2017-04-25 11:46:53',2,NULL),(838,'20172S000997','Carolina C. Manica',NULL,'2017-04-25 11:47:46',2,NULL),(839,'20172S001272','Roberto Cristóvão',NULL,'2017-04-25 11:49:33',2,NULL),(841,'20172S001056','Ailin Ruiz de Zarate Fabregas',NULL,'2017-04-25 11:51:35',2,NULL),(843,'20172S001084','Ana Paula Ambrósio',NULL,'2017-04-25 11:54:42',2,NULL),(844,'20172S001084','Tatiana Amaral',NULL,'2017-04-25 11:55:23',2,NULL),(845,'20172S000531','Hugo Samuel Aduen Muskus',NULL,'2017-04-25 14:10:08',2,NULL),(846,'20172S001382','Celius A. Magalhães',NULL,'2017-04-25 14:11:18',2,NULL),(847,'20172S000708','Jefferson Leite',NULL,'2017-04-25 14:13:03',2,NULL),(848,'20172S001000','Obidio Rubio',NULL,'2017-04-25 14:16:38',2,NULL),(849,'20172S001000','Edmundo Vergara Moreno',NULL,'2017-04-25 14:17:20',2,NULL),(850,'20172S001000','Carolina C. Manica',NULL,'2017-04-25 14:18:00',2,NULL),(851,'20172S000245','Maria do Carmo Carbinatto',NULL,'2017-04-25 14:20:16',2,NULL),(852,'20172S000245','Thaís Fernanda Mendes Monis',NULL,'2017-04-25 14:22:50',2,NULL),(853,'20172S001226','Alice Libardi',NULL,'2017-04-25 14:23:58',2,NULL),(854,'20172S000194','Fernando Pereira',NULL,'2017-04-27 10:30:42',2,NULL),(855,'20172S001083','Irazel José',NULL,'2017-04-27 10:50:45',2,NULL),(856,'QW486597','Wilfredo Sosa',NULL,'2017-04-27 10:52:19',2,NULL),(857,'20172S000824','Prof. Alexandre',NULL,'2017-04-27 11:04:43',2,NULL),(858,'20172S000036','Adauto Luiz Mancini',NULL,'2017-04-28 16:01:52',2,NULL),(859,'20172S000036','Luís Gustavo Barioni',NULL,'2017-04-28 16:02:45',2,NULL),(860,'r21004','João Bernardes da Rocha Filho',NULL,'2017-04-28 16:04:08',2,NULL),(861,'r21004','Maria Eulália Pinto Tarragó',NULL,'2017-04-28 16:04:54',2,NULL),(862,'20172S001497','Carlos Otavio Mariano',NULL,'2017-04-28 16:05:55',2,NULL),(863,'20172S001497','Valmir Eduardo Alcarde',NULL,'2017-04-28 16:06:29',2,NULL),(864,'20172S001213','Marcos Alexandrino',NULL,'2017-04-28 16:07:35',2,NULL),(865,'20172S001020','Marcelo Gonçalves Oliveira Vieira',NULL,'2017-04-28 16:08:47',2,NULL),(866,'20172S001059','Fátima Silva Leite',NULL,'2017-04-28 16:10:36',2,NULL),(867,'20172S001059','Rogério Carvalho Picanço',NULL,'2017-04-28 16:11:19',2,NULL),(868,'20172S000260','Carlos Banquet',NULL,'2017-04-28 16:14:49',2,NULL),(869,'20172S000531','Carlos Banquet',NULL,'2017-04-28 16:15:43',2,NULL),(870,'20172S000839','Carlos Banquet',NULL,'2017-04-28 16:16:29',2,NULL),(871,'20172S001427','Cláudio Buzzi',NULL,'2017-04-28 16:17:12',2,NULL),(872,'20172S001427','Waldemar Donizete Bastos',NULL,'2017-04-28 16:17:56',2,NULL),(873,'20172S001056','Carlos Henrique dos Santos',NULL,'2017-04-28 16:19:22',2,NULL),(874,'20172S000017','José Gilvan de Oliveira',NULL,'2017-04-28 16:20:32',2,NULL),(875,'20172S000824','Frederico Ventura Batista',NULL,'2017-04-28 16:21:29',2,NULL),(876,'20172S001385','Lucio Centrone',NULL,'2017-04-28 16:23:52',2,NULL),(877,'20172S001141','Paulo Marcelo Dias de Magalhães',NULL,'2017-04-28 16:25:01',2,NULL),(878,'20172S000872','Margareth da Silva Alves',NULL,'2017-04-28 16:26:00',2,NULL),(879,'20172S001416','Marcelo Gonçalves Oliveira Vieira',NULL,'2017-04-28 16:26:56',2,NULL),(880,'20172S000889','Sigifredo de Jesus Osorio',NULL,'2017-04-28 16:28:57',2,NULL),(881,'20172S000889','Juan Diego Velez Caicedo',NULL,'2017-04-28 16:31:41',2,NULL),(882,'20172S001450','Luís Henrique de Miranda',NULL,'2017-04-28 16:33:05',2,NULL),(883,'20172S001510','Luís Henrique de Miranda',NULL,'2017-04-28 16:33:55',2,NULL),(884,'20172S001493','Grigori Chapiro',NULL,'2017-04-28 16:35:06',2,NULL),(885,'000674','Thaís Jordão',NULL,'2017-04-28 16:36:16',2,NULL),(886,'20172S000674','Thaís Jordão',NULL,'2017-04-28 16:40:28',2,NULL),(887,'20172S001429','Sonia Marleni Sabogal Pedraza',NULL,'2017-04-28 16:44:03',2,NULL),(888,'20172S001429','Javier Camargo',NULL,'2017-04-28 16:44:32',2,NULL),(889,'20172S000889','Abraham Jose Arenas Tawil',NULL,'2017-04-28 16:45:22',2,NULL),(890,'20172S001560','Denis de Carvalho Braga',NULL,'2017-04-28 16:46:05',2,NULL),(891,'20172S001560','Luis Fernando Mello',NULL,'2017-04-28 16:46:32',2,NULL),(892,'20172S001446','Solange Roa Fuentes',NULL,'2017-04-28 16:48:07',2,NULL),(893,'20172S001446','Javier Camargo',NULL,'2017-04-28 16:48:32',2,NULL),(894,'20172S000554','Sônia Pinto de Carvalho',NULL,'2017-04-28 16:49:44',2,NULL),(895,'20172S000708','Paulo Alexandre Araújo Sousa',NULL,'2017-04-28 16:50:40',2,NULL),(896,'20172S001279','Yuri Bozhkov',NULL,'2017-04-28 16:51:42',2,NULL),(897,'20172S000951','Roland Glowinski',NULL,'2017-04-28 16:53:34',2,NULL),(898,'20172S000257','Lia Feital Fusaro Abrantes',NULL,'2017-05-03 17:19:41',2,NULL),(899,'20172S000257','Bernardo Melo de Carvalho',NULL,'2017-05-03 17:20:41',2,NULL),(900,'20172S000257','Bernardo Melo de Carvalho 2',NULL,'2017-05-03 17:21:31',2,NULL),(901,'20172S000257','Enoch Humberto Apaza Calla',NULL,'2017-05-03 17:21:55',2,NULL),(902,'20172S001400','Prof. Homero Ghioti da Silva',NULL,'2017-05-04 11:42:43',2,NULL),(903,'20172S001400','Profa. Tânia M. Machado de Carvalho',NULL,'2017-05-04 11:43:21',2,NULL),(904,'20172S001020','Prof. Homero Ghioti da Silva',NULL,'2017-05-04 14:11:32',2,NULL),(905,'20172S000448','Prof. Laécio Carvalho de Barros',NULL,'2017-05-04 14:54:51',2,NULL),(906,'20172s001228','Gilson do Nascimento Silva',NULL,'2017-05-04 15:02:22',2,NULL),(907,'20172S001628','Prof. José Carlos de Souza Junior',NULL,'2017-05-04 15:13:31',2,NULL),(908,'20172S000951','Prof. Gordon Heier',NULL,'2017-05-04 15:21:22',2,NULL),(909,'20172S001628','Profa. Lucy Tiemi Takahashi',NULL,'2017-05-04 15:25:37',2,NULL),(910,'20172s001228','Prof. ALEXANDRE BOLEIRA LOPO',NULL,'2017-05-04 15:32:39',2,NULL),(911,'20172S000951','Prof. Mehrdad Kalantar',NULL,'2017-05-04 15:35:16',2,NULL),(912,'20172S000479','Prof. Guillermo Ortiz Rico',NULL,'2017-05-08 15:31:24',2,NULL),(913,'20172S000479','Profa. Maria Helena Noronha',NULL,'2017-05-08 15:31:45',2,NULL),(914,'20172S001586','Prof. Carlos Alberto Banquet Brango',NULL,'2017-05-08 15:32:21',2,NULL),(915,'20172S001586','Prof. Hugo Aduen Muskus',NULL,'2017-05-08 15:32:43',2,NULL),(917,'20172S000017','Prof. Renato Fehlberg Júnior',NULL,'2017-05-08 15:34:46',2,NULL),(918,'20172S001056','Profa. Maria Helena Noronha',NULL,'2017-05-08 15:36:35',2,NULL),(919,'20172S001385','Prof. Márcio Antonio de Faria Rosa',NULL,'2017-05-08 15:38:05',2,NULL),(920,'20172S001382','Profa. Daniele Nantes Sobrinho',NULL,'2017-05-08 15:44:48',2,NULL),(921,'20172S000194','Prof. Michel Guimarães Coswosck',NULL,'2017-05-08 15:46:06',2,NULL),(922,'20172S001416','Profa. Tânia M. Machado de Carvalho',NULL,'2017-05-08 15:46:53',2,NULL),(923,'20172S001141','Prof. Eder Marinho',NULL,'2017-05-08 15:48:17',2,NULL),(924,'20172S000962','Prof. Gilclécio Dantas Santos',NULL,'2017-05-08 15:50:02',2,NULL),(925,'20172S000791','Prof. Alexander Quintero Vélez',NULL,'2017-05-08 15:52:00',2,NULL),(926,'20172S001531','Prof. Carlos Alberto Banquet Brango',NULL,'2017-05-08 15:54:13',2,NULL),(927,'20172S001531','Prof. Hugo Aduén Muskus',NULL,'2017-05-08 15:54:28',2,NULL),(928,'20172S000824','Prof. Diego da Cunha Carvalho',NULL,'2017-05-08 15:56:50',2,NULL),(929,'20172S000884','Prof. Carlos Alberto Banquet Brango',NULL,'2017-05-08 15:59:50',2,NULL),(930,'20172S001427','Prof. Antonio',NULL,'2017-05-08 16:01:32',2,NULL),(931,'20172S001598','Prof. Ricardo Javier Hancco Ancori',NULL,'2017-05-08 16:03:21',2,NULL),(932,'20172S000033','Prof. Guillermo Ortiz Rico',NULL,'2017-05-08 16:05:49',2,NULL),(933,'2017S001581','Prof. Filipe Leoncio Braga',NULL,'2017-05-08 16:08:52',2,NULL),(934,'2017S001581','Prof. WESLEY SPALENZA',NULL,'2017-05-08 16:09:15',2,NULL),(935,'20172S001593','Prof. Ricardo Javier Hancco Ancori',NULL,'2017-05-08 16:13:46',2,NULL),(936,'20172S001622','Prof. Fabíolo Moraes Amaral',NULL,'2017-05-08 16:28:04',2,NULL),(937,'20172S001622','Prof. Igor Breda Ferraço',NULL,'2017-05-08 16:28:19',2,NULL),(938,'20172S001084','Prof. Marcus André Siqueira Campos',NULL,'2017-05-08 16:29:42',2,NULL),(939,'20172S001355','Prof. Cristian Carlos Moreira',NULL,'2017-05-08 16:31:34',2,NULL),(940,'20172S001565','Prof. Rogério Carvalho Picanço',NULL,'2017-05-08 16:43:26',2,NULL),(941,'20172S001272','Prof. Cicero Augusto Mota Cavalcante',NULL,'2017-05-08 16:50:07',2,NULL),(942,'20172S001800','Roberto Antonio Cordeiro Prata',NULL,'2017-05-08 16:50:56',2,NULL),(943,'20172S001593','Vladimir Rosas',NULL,'2017-05-09 09:04:28',2,NULL),(944,'20172S001598','Prof. Vladimir R. Meneses',NULL,'2017-05-09 09:05:45',2,NULL),(945,'20172S001598','Prof. Javier Ordoñez Barrientos',NULL,'2017-05-09 09:06:12',2,NULL),(946,'20172S000047','Prof. Oswaldo Kazushi Fujiy',NULL,'2017-05-09 09:07:34',2,NULL),(947,'20172S001225','Prof. Richard Alexander De la cruz Guerrero',NULL,'2017-05-09 09:08:44',2,NULL),(948,'20172S000962','Prof. Ivanildo Antonio dos Santos',NULL,'2017-05-09 09:10:09',2,NULL),(949,'20172S000872','Catarina Mendes de Jesus Sánchez',NULL,'2017-05-09 09:21:07',2,NULL),(950,'20172S000443','Prof. Alexandre Nolasco de Carvalho',NULL,'2017-05-09 09:42:31',2,NULL),(951,'20172S000443','Prof. Éder Rítis Aragão Costa',NULL,'2017-05-09 09:42:49',2,NULL),(952,'20172S000443','Profa. Denise de Mattos',NULL,'2017-05-09 09:43:08',2,NULL),(953,'20172S000556','Prof. Antônio Brandão',NULL,'2017-05-09 09:43:54',2,NULL),(954,'20172S001148','Profa. Bruna Oréfice Okamoto',NULL,'2017-05-09 09:45:54',2,NULL),(955,'20172S001148','Prof. Pedro Luiz Queiroz Pergher',NULL,'2017-05-09 09:46:26',2,NULL),(956,'20172S000034','Régis Varão',NULL,'2017-05-09 09:47:33',2,NULL),(957,'20172S000034','Ricardo Miranda Martins',NULL,'2017-05-09 09:48:00',2,NULL),(958,'20172S000880','Prof. Mary Lilian Lourenço',NULL,'2017-05-09 09:48:35',2,NULL),(959,'20172S000880','Profa. Lucia Satie Ikemoto Murakami',NULL,'2017-05-09 09:48:59',2,NULL),(960,'000674','Profa. Marta Cilene Gadotti',NULL,'2017-05-09 09:54:02',2,NULL),(961,'20172S001454','Prof. Lucio Centrone',NULL,'2017-05-09 09:55:06',2,NULL),(962,'20172S001454','Profa. Marta Cilene Gadotti',NULL,'2017-05-09 09:55:26',2,NULL),(963,'20172S000254','Prof. Abdelmoubine Amar Henni',NULL,'2017-05-09 09:56:51',2,NULL),(964,'20172S000118','Prof. Irene Ignazia Onnis',NULL,'2017-05-09 10:00:52',2,NULL),(965,'20172S001560','Prof. Fabio Dias',NULL,'2017-05-09 10:01:46',2,NULL),(966,'20172S001300','Prof. Antônio Pereira Brandão Júnior',NULL,'2017-05-09 10:02:31',2,NULL),(967,'20172S001300','Prof. Claudianor O. Alves',NULL,'2017-05-09 10:02:54',2,NULL),(968,'20172S001300','Prof. Daniel Cordeiro de Morais Filho',NULL,'2017-05-09 10:03:13',2,NULL),(969,'20172S001450','Ricardo Parreira da Silva',NULL,'2017-05-09 11:06:19',2,NULL),(970,'20172S001517','Prof. Carlos Gustavo',NULL,'2017-05-09 11:08:21',2,NULL),(971,'20172S001517','Prof. Claudio Landim',NULL,'2017-05-09 11:08:33',2,NULL),(972,'20172S001517','Prof. Reimundo Heluani',NULL,'2017-05-09 11:08:59',2,NULL),(973,'v7.11.6 r21117 d2017','Prof. Daniel Vendrúscolo',NULL,'2017-05-09 11:10:44',2,NULL),(974,'v7.11.6 r21117 d2017','Rafael Augusto dos Santos Kapp',NULL,'2017-05-09 11:11:21',2,NULL),(975,'20172S001105','Profa. Marta Cilene Gadotti',NULL,'2017-05-09 11:12:06',2,NULL),(976,'20172S001451','Prof. Lonardo Rabelo',NULL,'2017-05-09 11:14:16',2,NULL),(977,'20172S001451','Profa. Beatriz Casulari da Motta Ribeiro',NULL,'2017-05-09 11:14:33',2,NULL),(978,'20172S001451','Profa. JOANA DARC A. SANTOS DA CRUZ',NULL,'2017-05-09 11:14:49',2,NULL),(979,'20172S001446','Prof. Carlos Uzcátegui-Aylwin',NULL,'2017-05-09 13:33:36',2,NULL),(980,'20172S001226','Profa. Marta Cilene Gadotti',NULL,'2017-05-09 13:34:40',2,NULL),(981,'20172S001226','Profa. Suzete Maria Silva Afonso',NULL,'2017-05-09 13:35:04',2,NULL),(982,'20172S001429','Prof. Carlos Uzcátegui-Aylwin',NULL,'2017-05-09 13:37:51',2,NULL),(983,'20172S000960','Prof. Rogério Carvalho Picanço',NULL,'2017-05-09 13:38:49',2,NULL),(984,'20172S001493','Profa. Beatriz Casulari da Motta Ribeiro',NULL,'2017-05-09 13:39:37',2,NULL),(985,'20172S001493','Profa. Flaviana Andréa Ribeiro',NULL,'2017-05-09 13:39:51',2,NULL),(986,'20172S001796','Beatriz Casulari da Motta Ribeiro',NULL,'2017-05-09 13:40:52',2,NULL),(987,'20172S001796','Prof. Grigori Chapiro',NULL,'2017-05-09 13:41:09',2,NULL),(988,'20172S001510','Lucas Conque Seco Ferreira',NULL,'2017-05-09 13:45:13',2,NULL),(989,'20172S000257','Prof. Bulmer Mejía García',NULL,'2017-05-09 13:46:33',2,NULL),(990,'20172S001800','Guillermo Fernando',NULL,'2017-05-09 16:46:01',2,NULL),(991,'20172S001225','Prof. Álvaro Calvache Archila',NULL,'2017-05-10 10:14:43',2,NULL),(992,'20172S001355','Profa Carina Adriele',NULL,'2017-05-10 16:45:22',2,NULL),(993,'20172S001510','João Paulo dos Santos',NULL,'2017-05-10 17:25:11',2,NULL),(994,'20172S001279','Estevão Esmi Laureano',NULL,'2017-05-11 11:01:16',2,NULL),(995,'20172S000448','Estevão Esmi Laureano',NULL,'2017-05-11 11:02:00',2,NULL),(996,'20172S000374','Yuri Ki',NULL,'2017-05-11 14:15:54',2,NULL),(997,'20172S000277','Estevão Esmi Laureano',NULL,'2017-05-11 16:06:09',2,NULL),(998,'20172S000277','João Florindo',NULL,'2017-05-11 16:06:28',2,NULL),(1000,'20172S001565','Profa. Marinês Guerreiro',NULL,'2017-05-12 10:06:44',2,NULL),(1001,'20172S000960','Daniel Levcovitz',NULL,'2017-05-15 08:43:47',2,NULL),(1002,'20172S000648','Aurelio',NULL,'2017-05-15 14:06:56',2,NULL),(1003,'20172S000032','Aurelio',NULL,'2017-05-15 14:07:36',2,NULL),(1004,'20172S001214','Luis Bladismir Ruiz Leal',NULL,'2017-05-16 08:50:24',2,NULL),(1005,'20172S001559','Vinicius Augusto Takahashi Arakawa',NULL,'2017-05-16 08:51:10',2,NULL),(1006,'20172S001222','Luis Bladismir Ruiz Leal',NULL,'2017-05-16 08:52:08',2,NULL),(1007,'20172S001796','Flaviana',NULL,'2017-05-17 15:03:38',2,NULL),(1008,'r21349 d201704251723','Abílio Lemos',NULL,'2017-05-22 10:22:12',2,NULL),(1009,'20172S000254','Martin Weilandt',NULL,'2017-05-25 09:33:49',2,NULL),(1010,'20172S001454','Renata Zotin G de Oliveira',NULL,'2017-05-25 09:35:03',2,NULL),(1011,'20172S001148','Rafael Fernando Barostichi',NULL,'2017-05-25 09:36:15',2,NULL),(1012,'20172S001105','Márcia Federson',NULL,'2017-05-25 09:37:17',2,NULL),(1013,'20172S001222','Nelson Viloria',NULL,'2017-05-25 09:38:25',2,NULL),(1014,'20172S001565','Ariane P Entringer',NULL,'2017-05-29 09:48:04',2,NULL),(1015,'20172S001490','Guzmán Chamilco',NULL,'2017-05-29 09:49:35',2,NULL),(1145,'2018TESTE20182018','Rodolfo Manin','rodolfo@ime.unicamp.br','2017-07-19 10:33:09',2,'xdb2e77532b22d1a8d9043b9560772e5a'),(1147,'2018TESTE20182018','Daniel Zenaro','rodolfo.manin@gmail.com','2017-07-19 15:56:59',2,'x26e3b287e712d1b34693b2d1c8bbb6df'),(1148,'2018TESTE20182018','Teste da Silva','ra000000@ime.unicamp.br','2017-07-19 12:21:04',2,'x909938c72bfb9a47cc11f3a9c3bf6dd7');
/*!40000 ALTER TABLE `cartas` ENABLE KEYS */;
UNLOCK TABLES;
/*!50003 SET @saved_cs_client      = @@character_set_client */ ;
/*!50003 SET @saved_cs_results     = @@character_set_results */ ;
/*!50003 SET @saved_col_connection = @@collation_connection */ ;
/*!50003 SET character_set_client  = utf8 */ ;
/*!50003 SET character_set_results = utf8 */ ;
/*!50003 SET collation_connection  = utf8_general_ci */ ;
/*!50003 SET @saved_sql_mode       = @@sql_mode */ ;
/*!50003 SET sql_mode              = 'NO_ENGINE_SUBSTITUTION' */ ;
DELIMITER ;;
/*!50003 CREATE*/ /*!50017 DEFINER=`root`@`localhost`*/ /*!50003 TRIGGER tg_insere_data_cartas BEFORE INSERT ON cartas
    FOR EACH ROW
    BEGIN
       set NEW.data = NOW();
    END */;;
DELIMITER ;
/*!50003 SET sql_mode              = @saved_sql_mode */ ;
/*!50003 SET character_set_client  = @saved_cs_client */ ;
/*!50003 SET character_set_results = @saved_cs_results */ ;
/*!50003 SET collation_connection  = @saved_col_connection */ ;

--
-- Table structure for table `cartas_programa`
--

DROP TABLE IF EXISTS `cartas_programa`;
/*!40101 SET @saved_cs_client     = @@character_set_client */;
/*!40101 SET character_set_client = utf8 */;
CREATE TABLE `cartas_programa` (
  `id_programa` int(11) NOT NULL,
  `id_nivel` int(11) NOT NULL,
  `qtde_cartas` int(11) NOT NULL,
  KEY `fk_programa_carta` (`id_programa`),
  KEY `fk_nivel_carta` (`id_nivel`),
  CONSTRAINT `fk_nivel_carta` FOREIGN KEY (`id_nivel`) REFERENCES `nivel` (`id`),
  CONSTRAINT `fk_programa_carta` FOREIGN KEY (`id_programa`) REFERENCES `programa` (`id`)
) ENGINE=InnoDB DEFAULT CHARSET=latin1;
/*!40101 SET character_set_client = @saved_cs_client */;

--
-- Dumping data for table `cartas_programa`
--

LOCK TABLES `cartas_programa` WRITE;
/*!40000 ALTER TABLE `cartas_programa` DISABLE KEYS */;
INSERT INTO `cartas_programa` VALUES (2,2,5);
/*!40000 ALTER TABLE `cartas_programa` ENABLE KEYS */;
UNLOCK TABLES;

--
-- Table structure for table `inscricoes`
--

DROP TABLE IF EXISTS `inscricoes`;
/*!40101 SET @saved_cs_client     = @@character_set_client */;
/*!40101 SET character_set_client = utf8 */;
CREATE TABLE `inscricoes` (
  `num_inscricao` varchar(20) NOT NULL,
  `id_aluno` varchar(33) NOT NULL,
  `data` date NOT NULL,
  `id_programa` int(11) DEFAULT NULL,
  `id_nivel` int(11) DEFAULT NULL,
  `semestre` varchar(15) DEFAULT NULL,
  `ano` year(4) DEFAULT NULL,
  PRIMARY KEY (`num_inscricao`),
  UNIQUE KEY `niu` (`num_inscricao`),
  KEY `id_programa` (`id_programa`),
  KEY `id_nivel` (`id_nivel`),
  KEY `fk_id_aluno_inscricoes` (`id_aluno`),
  CONSTRAINT `fk_id_aluno_inscricoes` FOREIGN KEY (`id_aluno`) REFERENCES `aluno` (`id`) ON DELETE CASCADE ON UPDATE CASCADE,
  CONSTRAINT `fk_id_nivel_inscricoes` FOREIGN KEY (`id_nivel`) REFERENCES `nivel` (`id`) ON DELETE CASCADE ON UPDATE CASCADE,
  CONSTRAINT `fk_id_programa_inscricoes` FOREIGN KEY (`id_programa`) REFERENCES `programa` (`id`) ON DELETE CASCADE ON UPDATE CASCADE
) ENGINE=InnoDB DEFAULT CHARSET=latin1;
/*!40101 SET character_set_client = @saved_cs_client */;

--
-- Dumping data for table `inscricoes`
--

LOCK TABLES `inscricoes` WRITE;
/*!40000 ALTER TABLE `inscricoes` DISABLE KEYS */;
INSERT INTO `inscricoes` VALUES ('000674','710cd8dd7de886d87cced4ed9b8799c7','2017-04-24',1,2,'2º semestre',2017),('01','a4cfd8a449ebfe3c4c60ea1744195e80','2016-09-21',2,1,'1º semestre',2017),('02','904ac7f92861a6645810395ac0aea7a1','2016-08-11',1,2,'1º semestre',2017),('076569','915cc9f677aa34229a0741fb20fd3346','2016-09-11',2,2,'1º semestre',2017),('076993RC','8a9e93947110e1666c049d1cedf233e5','2017-04-04',2,1,'2º semestre',2017),('08210708','b426cb1f7a05c62c6472dc6980cb3fd0','2016-08-24',1,1,'1º semestre',2017),('1','bb9c543d5bc29e8f7677302f96abccbb','2016-08-01',1,2,'1º semestre',2017),('1000','d9390a19867bbb05a3b02cd40259455a','2016-09-02',4,1,'1º semestre',2017),('11111','3d5953cba6e050b6ee365816b2bbf20f','2016-09-16',3,2,'1º semestre',2017),('12','f07a6b071a410ae1430d6b6f47e8eae5','2016-09-01',3,1,'1º semestre',2017),('1204','f07a6b071a410ae1430d6b6f47e8eae5','2016-09-01',1,1,'1º semestre',2017),('123','c628dcce44b4e2b374ef88d2562548be','2016-09-19',3,2,'1º semestre',2017),('1234','92f5085eb2fca3fb3b2e185c42d38fa9','2016-09-07',3,2,'1º semestre',2017),('1250','be3f8b2f427785f4f5acb8f576e1c7f8','2016-09-13',3,2,'1º semestre',2017),('1289','f07a6b071a410ae1430d6b6f47e8eae5','2016-09-01',4,1,'1º semestre',2017),('144791','087d47a227ed6d69f82a832ee712db6e','2016-10-31',4,1,'1º semestre',2017),('18051993','5805821f0359a0342a49c456b67e9bda','2016-09-05',1,2,'1º semestre',2017),('1983','9c17091db9a7f6ccde11a97d2cb2a0fd','2016-08-26',1,2,'1º semestre',2017),('1993','8c85cc3c35d0ee8e61a4cd2c0dfe14b5','2016-09-03',1,1,'1º semestre',2017),('1°','6c551595f869204d7001677311ce23be','2016-08-16',2,1,'1º semestre',2017),('2','afb053be9349cd64c88cd60aac463405','2016-09-01',3,2,'1º semestre',2017),('20','43f317ce58ee7781d6e120a2870c5cd5','2016-08-25',1,2,'Verão',2017),('2013102020','3dc1fe769f508a939e52ec75d36347ea','2016-08-01',2,1,'1º semestre',2017),('2013138059','808d07213cccf547bdf64b295330fd85','2016-09-19',3,1,'1º semestre',2017),('201515003642','130c4baa013d54afb074e7019ee5bdf4','2016-09-27',1,1,'1º semestre',2017),('20170521170521171','d72551086c190c631cfa870dc6707972','2016-10-07',4,1,'1º semestre',2017),('20171000366','2297d70c8419acaf74e078853d992c84','2016-08-03',2,1,'1º semestre',2017),('201715001200','38cb21ecca6a46d71a0bd9348dd21239','2016-08-29',1,2,'1º semestre',2017),('201715002127','cd11e5d438da569ed2958c6b6a145ab4','2016-09-23',2,2,'1º semestre',2017),('201715003317','9a3652012528316e3894deb4699982f4','2016-10-04',3,2,'1º semestre',2017),('201715003881','977756f18ba1ba753a5da134e77bfaf0','2016-09-30',1,1,'1º semestre',2017),('201715006739','ade9350cd30ebc553760f3498be65c72','2016-11-03',4,1,'1º semestre',2017),('201718003739','04e17db6343f67ffe77f5e17782ec7bb','2016-09-27',2,1,'1º semestre',2017),('201718003740','04e17db6343f67ffe77f5e17782ec7bb','2016-09-27',1,1,'1º semestre',2017),('20171S000007','698a98111ae352427da632965ad2cabe','2016-10-07',2,1,'1º semestre',2017),('20171S000009','90f3a473594a028204fdbdee01c2109d','2016-08-04',2,1,'1º semestre',2017),('20171S000163','00dab4febceabd963108d67ac637a5c1','2016-08-23',1,1,'1º semestre',2017),('20171S000165','ad67520ec4e1106e610bdcf12b75f04c','2016-08-01',1,1,'1º semestre',2017),('20171S000188','8e6764dc2be87a8917892e0f6b805d70','2016-08-01',1,1,'1º semestre',2017),('20171S000213','f057a5e3daf867d5f291a7b5c21c31bc','2016-08-01',1,1,'1º semestre',2017),('20171S000217','f057a5e3daf867d5f291a7b5c21c31bc','2016-08-01',2,1,'1º semestre',2017),('20171S000221','338ab6c6b801b28f7b65ef07af9d26bb','2016-08-10',2,2,'1º semestre',2017),('20171S000240','4c9610116e493775262b9bea95062b6c','2016-09-28',2,2,'1º semestre',2017),('20171S000293','8857420d516f3b10bc196d859f6aba5f','2016-09-15',1,2,'1º semestre',2017),('20171S000313','0c2f337021a45d55e223348a91100863','2016-08-03',3,2,'1º semestre',2017),('20171S000319','0c2f337021a45d55e223348a91100863','2016-08-03',3,1,'1º semestre',2017),('20171S000328','afb81eba75600878a2ea6161d7484bc7','2016-10-13',2,2,'1º semestre',2017),('20171S000336','db52f60fe840cb4e47b62c15ee0610d4','2016-08-03',1,1,'1º semestre',2017),('20171S000343','3eb56cd28ab70880fd55d0f98fa3b212','2016-08-12',1,2,'1º semestre',2017),('20171S000347','a47e19fc0a0c62a23f415e2613a1a9ea','2016-08-03',1,2,'1º semestre',2017),('20171S000373','d4e4eaacb8dc2bedf440b1eceeed1c5b','2016-08-03',1,2,'1º semestre',2017),('20171S000383','107a27ddfbbceb67f8980bf47c4b12b5','2016-09-16',3,2,'1º semestre',2017),('20171S000394','022c2e4001c2854cccf32937a1281f76','2016-08-17',1,1,'1º semestre',2017),('20171S000427','03465e4d08b6b08d06143fd5bbeb8aaf','2016-08-05',1,2,'1º semestre',2017),('20171S000430','c6a706ee1d797d06375a62091303d5da','2016-08-11',2,2,'1º semestre',2017),('20171S000438	','8f4f1a920985ed8984b3342b4c8f81ff','2016-08-25',3,1,'1º semestre',2017),('20171S000444','c4463bc606570e39822bb709362ba71a','2016-09-12',1,1,'1º semestre',2017),('20171S000532','e71dec4321528b1e4a9f88f13c82d30a','2016-08-30',2,1,'1º semestre',2017),('20171S000620','ae0d65b143ab6e7ded5b7ed26a9df0d9','2016-09-16',3,2,'1º semestre',2017),('20171S000637','ffe168b9c46881516bff6ded1712823b','2016-08-09',1,1,'1º semestre',2017),('20171S000643','398ae97e7167198e1786ed293a517651','2016-09-01',2,1,'1º semestre',2017),('20171S000649','f80dfd63d89b1ae792f0099f01c3584e','2016-09-18',2,1,'1º semestre',2017),('20171S000656','4c490d3981c0ee8fc95de24a27bddfd9','2016-08-12',3,1,'1º semestre',2017),('20171S000662','eb1b6a85fe7c6f70cc993bca5e4a122b','2016-08-23',1,2,'1º semestre',2017),('20171S000664','ff20cfaa179a4a099f48c3b8bc2e2656','2016-09-27',2,1,'1º semestre',2017),('20171S000671','64021610a8e108b956b5a2c15b466eb3','2016-08-16',2,1,'1º semestre',2017),('20171S000672','64021610a8e108b956b5a2c15b466eb3','2016-08-16',3,1,'1º semestre',2017),('20171S000673','fcf40a35d759787e85cc77a9196a4234','2016-08-10',2,1,'1º semestre',2017),('20171S000675','7c7adea24a320e4c6658d43187b1579c','2016-08-23',2,2,'1º semestre',2017),('20171S000676','5311706060b92f05fb3617b20560a2db','2016-09-21',1,1,'1º semestre',2017),('20171S000680','338ab6c6b801b28f7b65ef07af9d26bb','2016-08-11',1,2,'1º semestre',2017),('20171S000706','44007bca3cc8745d645ec2e131957a71','2016-08-11',3,1,'1º semestre',2017),('20171S000710','00b7e837c7616bf67b6d147f3eec5d81','2016-08-30',2,2,'1º semestre',2017),('20171S000725','324c2ab5fb8e4facc6fb96c488ca8281','2016-08-29',3,1,'1º semestre',2017),('20171S000727','18c07fb4d2caf6c31b3dd6b9eceef7c6','2016-09-26',1,2,'1º semestre',2017),('20171S000735','dbdaf89c10e9e3f630cb69efe1189152','2016-08-17',2,1,'1º semestre',2017),('20171S000745','bfed27b9e760f28e7389668c866f89a7','2016-10-06',1,1,'1º semestre',2017),('20171S000752','0117a902b675cfb37bcd29cc5c48ece3','2016-08-31',1,1,'1º semestre',2017),('20171S000815','46f7d66f5aeb33badc615f38c10c6d00','2016-08-26',2,2,'1º semestre',2017),('20171S000816','6a3c2eef7d18848ce6b6465422a33254','2016-08-25',1,1,'1º semestre',2017),('20171S000853','e4d475dd7ee752f5bf3632311037df65','2016-09-26',2,2,'1º semestre',2017),('20171S000898','ff9a4aaa3b24abb35626ad91d3d08c53','2016-09-13',2,2,'1º semestre',2017),('20171S000909','639cb5927be28ae50cdf226d709b988c','2016-08-18',1,1,'1º semestre',2017),('20171S000916','8c1f2a6afa47308af7584f6d22b3b49a','2016-08-17',2,2,'1º semestre',2017),('20171S000922','24b42eb99104eaa1859d89d46b94a50f','2016-08-17',2,2,'1º semestre',2017),('20171S000953','f5e75e53eb806aa972812f491ee91718','2016-08-17',1,2,'1º semestre',2017),('20171S000967','4346859ee47011a88b0a63d2f8b12b8c','2016-08-24',1,2,'1º semestre',2017),('20171S000976','9c56024a0f07bb94ad7147f00927c090','2016-09-01',1,1,'1º semestre',2017),('20171S000979','54ce6f1ae2c92c5287b893ba6b78f584','2016-08-22',1,2,'1º semestre',2017),('20171S000980','4b9618b340390a353141ee18459f6e2b','2016-09-01',1,1,'1º semestre',2017),('20171S001001','525acdb8d684c26d34fad5711674161d','2016-09-30',2,1,'1º semestre',2017),('20171S001011','b0cb039982dea1a6111e106c41dd9a7a','2016-08-29',2,2,'1º semestre',2017),('20171S001029','6bc43cf39a00cb9d8fc5d88058791792','2016-08-19',1,2,'1º semestre',2017),('20171S001035','5c23020796595bbaac1722b9d4822264','2016-09-22',2,1,'1º semestre',2017),('20171S001044','65c9f2fee7207d9709d1262d24848155','2016-09-14',2,1,'1º semestre',2017),('20171S001055','9c57e82a9b087cecfec5377167b1c93d','2016-09-06',3,1,'1º semestre',2017),('20171S001109','03234aff7d8458e4118672a734de769f','2016-09-03',1,1,'1º semestre',2017),('20171S001124','08b29fa57d78a0b037b8f562d0ba7e92','2016-09-04',1,1,'1º semestre',2017),('20171S001138','92b954f3dcbc2229f4e5bcd98317d3f6','2016-08-28',3,1,'1º semestre',2017),('20171S001174','1becc9bb351f9a80503fad0204d96a68','2016-08-22',2,2,'1º semestre',2017),('20171S001190','e24dd08cb1b6b3a374d2ead898fe0e61','2016-08-22',2,1,'1º semestre',2017),('20171S001242','aa95b445c35599cf12be363f242f81de','2016-08-22',1,2,'1º semestre',2017),('20171S001243','51a9e85a33b1de196bd5a81e54af3656','2016-08-24',1,2,'1º semestre',2017),('20171S001285','10026b7e43908f3b64a5dcdf5fed573b','2016-08-30',1,1,'1º semestre',2017),('20171S001328','da9839827831243b871393fb8a22b092','2016-08-25',1,2,'1º semestre',2017),('20171S001339','e75bab6d490edf8ea4d87462980a792f','2016-08-30',2,2,'1º semestre',2017),('20171S001349','8764949279de064ec83c9965107712fd','2016-09-10',1,2,'1º semestre',2017),('20171S001354','1129764c9fd265dafa1a846cdec5dcee','2016-09-16',2,2,'1º semestre',2017),('20171S001366','d44cff9dd8b66311c3dd92c24814ea46','2016-08-24',1,1,'1º semestre',2017),('20171S001369','d44cff9dd8b66311c3dd92c24814ea46','2016-08-24',2,1,'1º semestre',2017),('20171S001372','47654da201b83437ca77ad3b24aad1d8','2016-08-24',3,1,'1º semestre',2017),('20171S001416','1251c3a3d2eb4543f23355ab8250879e','2016-08-25',1,1,'1º semestre',2017),('20171S001434','5fed7a6d3dafc50b5aae26b2fe6b8347','2016-09-09',1,1,'1º semestre',2017),('20171S001435','ada63beb2e99431b743cfe8b25d90c70','2016-08-29',1,1,'1º semestre',2017),('20171S001439','bc32883017d868472a43adb5f821b40d','2016-09-27',1,1,'1º semestre',2017),('20171S001448','09dc351a539ca436e8dc7eb4b0cbfa8f','2016-08-30',1,2,'1º semestre',2017),('20171S001462','9e8a66a83fca741b4824eac6b242abe3','2016-09-13',1,2,'1º semestre',2017),('20171S001470','fa6918939f659832391fd38255a92e73','2016-09-08',1,1,'1º semestre',2017),('20171S001483','d3e02af9ec4617686545bfa1d55e3c92','2016-09-24',2,1,'1º semestre',2017),('20171S001499','32423aed98603371ccd8c06b91f8d8cb','2016-08-28',3,1,'1º semestre',2017),('20171S001508','16c1b9056f83e4008577677013bc37a4','2016-08-29',3,2,'1º semestre',2017),('20171S001607','5996c5d9bad867dc4824543915798545','2016-08-29',1,2,'1º semestre',2017),('20171S001608','ccb6d5a10dc91c9e9eab1efe88ed7530','2016-08-30',1,2,'1º semestre',2017),('20171S001639','7d9230739f594fa946ba02d175316d39','2016-09-01',2,2,'1º semestre',2017),('20171s001698','915496f18e5272fe6b2d9a2bff6d58f1','2016-09-10',1,2,'1º semestre',2017),('20171S001769','a5482d6d47b23ac1c5c9a5039449d3fe','2016-09-04',2,2,'1º semestre',2017),('20171S001776','38cb21ecca6a46d71a0bd9348dd21239','2016-09-28',2,2,'1º semestre',2017),('20171S001794','5fed7a6d3dafc50b5aae26b2fe6b8347','2016-09-14',2,1,'1º semestre',2017),('20171S001826','d1a73ce4bd35489b6ab977370b4c5afc','2016-09-20',1,2,'1º semestre',2017),('20171S001842','feae5c6a3e4c08e1693cf85f6183fc3f','2016-09-08',2,2,'1º semestre',2017),('20171S001843','bce35c531f83c3a61d65598de2c5ebd0','2016-09-22',3,1,'1º semestre',2017),('20171S001901','3476479dd873d45235d27444ff0d6bce','2016-09-01',1,2,'1º semestre',2017),('20171S001958','3afab524fa36a6a0be375c48d9f79aa7','2016-09-09',4,1,'1º semestre',2017),('20171S001960','0a411a73cb7233bb9e1e41d6a19bb2fd','2016-10-31',4,1,'1º semestre',2017),('20171S001991','d744f241a5bd742dd1bd37e70556f00c','2016-09-08',2,1,'1º semestre',2017),('20171S001994','eacd726872f8a9940180d536058b2c80','2016-09-30',2,2,'1º semestre',2017),('20171S002007','ada63beb2e99431b743cfe8b25d90c70','2016-09-03',2,1,'1º semestre',2017),('20171S002061','a7c138a73bb995816960cc16a6c5ffc1','2016-09-23',2,2,'1º semestre',2017),('20171S002073','10231640215f7e9e7296da4e911aa00e','2016-09-05',3,1,'1º semestre',2017),('20171S002079','3708e93ef1809f6bd31e7dc2a0884efc','2016-09-05',3,1,'1º semestre',2017),('20171S002082','ce7526ab8125e07d786db64d968a1af8','2016-09-05',1,2,'1º semestre',2017),('20171S002095','87a6bb1358399852a3a7df95f2b9998a','2016-09-16',4,1,'1º semestre',2017),('20171S002098','d8ef1b5bd7a505cb379d9ac5f29a55fe','2016-09-12',4,1,'1º semestre',2017),('20171S002099','c340224e7bb78abae722438620109752','2016-09-05',1,2,'1º semestre',2017),('20171S002105','6b4a59b809a6f76e4d64d271f2bf0f1f','2016-09-06',3,1,'1º semestre',2017),('20171S002110','896b782bccbeed0477d19b55530b0d1d','2016-09-07',1,1,'1º semestre',2017),('20171S002145','23e47d2439cd9a1e1b45f25a738a0136','2016-09-21',1,1,'1º semestre',2017),('20171S002146','55502bb2a99c131644c57a6a10c5d9fa','2016-09-28',1,2,'1º semestre',2017),('20171S002159','c3f4db9961216cd3681813bc228eccbc','2016-09-11',1,1,'1º semestre',2017),('20171S002173','6795603acbc0b908dd3538443ee43e89','2016-09-13',2,2,'1º semestre',2017),('20171S002174','93bb152f15bff7da968b8011120a98c4','2016-09-07',2,1,'1º semestre',2017),('20171S002177','e3a2abaedd312d3bd306ad042b6112c0','2016-09-16',1,2,'1º semestre',2017),('20171S002178','c565f257cc153cb35e02b84a87d6613a','2016-09-25',3,2,'1º semestre',2017),('20171S002181','718ba77ee328ee96bae976cbb88503d6','2016-09-07',1,1,'1º semestre',2017),('20171S002183','36f04a217ab2d1d85db55e59ce033b50','2016-09-08',1,2,'1º semestre',2017),('20171S002188','a5f2924c5e47d57f18ff9fcf42b154c7','2016-10-11',4,1,'1º semestre',2017),('20171S002200','8e32a07df3464d9b59fd7fdb2735cef6','2016-09-08',4,1,'1º semestre',2017),('20171S002210','435da145257bac635871839934f5fdbd','2016-09-12',2,2,'1º semestre',2017),('20171S002222','d871be96656173f9f752b82165787657','2016-09-08',3,1,'1º semestre',2017),('20171S002236','1cb01be80f0ddc7d07472defc6e0fb90','2016-09-23',2,1,'1º semestre',2017),('20171S002242','6e57032ac8ccca73c273340e76fc4341','2016-09-13',1,1,'1º semestre',2017),('20171S002261','42fd769934ae6d3703fa3f86b499e195','2016-09-16',3,1,'1º semestre',2017),('20171S002275','f771fa26f609738bd0ab05000edadff9','2016-09-09',1,2,'1º semestre',2017),('20171S002277','3533a9a10973d034d35674649e6ccaa7','2016-09-17',3,1,'1º semestre',2017),('20171S002279','ab27f1638d71346a26d8d7b006a0cc3b','2016-09-09',3,1,'1º semestre',2017),('20171S002282','4d0294be19ed3ca32d64ba5a447e4475','2016-09-09',1,1,'1º semestre',2017),('20171S002285','79abfb2c7d2e2d95e918d1b80c548349','2016-09-22',1,2,'1º semestre',2017),('20171S002309','08ccd8b478294cfc251b35392843561e','2016-09-17',1,2,'1º semestre',2017),('20171S002324','42fd769934ae6d3703fa3f86b499e195','2016-09-16',2,1,'1º semestre',2017),('20171S002339','fae92b55e31cac9332ec5037e3bcf2b1','2016-09-12',1,2,'1º semestre',2017),('20171S002341','3cdcd0fea21403ff9e9f15a6f5499d04','2016-09-26',4,1,'1º semestre',2017),('20171S002348','e0b8d44cd9386c659ae2f487078c9114','2016-09-15',1,2,'1º semestre',2017),('20171S002350','1b3f674f44e5daba3fd4cabe9e977ddd','2016-09-12',4,1,'1º semestre',2017),('20171S002352','4904f9fa9da8a4d5dd4d1a9548040341','2016-09-29',2,1,'1º semestre',2017),('20171S002386','bc52d68286ec9155f687ce95d5181bf7','2016-09-14',2,2,'1º semestre',2017),('20171S002388','31ac05f806b6aef9ff821c89350e9c16','2016-09-21',3,1,'1º semestre',2017),('20171S002391','31ac3dda6f97bef5bee2f5d16eb92a59','2016-09-18',1,2,'1º semestre',2017),('20171S002401','5da3fd44ffcae372271e09319b1fdb41','2016-09-23',3,2,'1º semestre',2017),('20171S002402','232ca198c6de3b30f1a52d9feb4bfdbc','2016-09-29',2,2,'1º semestre',2017),('20171S002428','aff22edd8039eebb9ca26b37fa6238af','2016-09-13',1,1,'1º semestre',2017),('20171S002429','aff22edd8039eebb9ca26b37fa6238af','2016-09-13',3,1,'1º semestre',2017),('20171S002436','b4f7b21e8e8ad7be9e32f3eb6f508808','2016-09-27',1,1,'1º semestre',2017),('20171S002437','f27e7a5c54cf93093d59998f9fda98de','2016-09-28',3,1,'1º semestre',2017),('20171S002438','a3ddc64b343e2b754394eb09c793d521','2016-09-12',3,2,'1º semestre',2017),('20171S002456','ce601d4263fa7e88312aabee1fb62025','2016-09-13',3,2,'1º semestre',2017),('20171S002461','edcb323c4e143232d1eedc1642454c25','2016-09-13',2,2,'1º semestre',2017),('20171S002462','c267d133732a358d94ff28006861fe01','2016-10-03',4,1,'1º semestre',2017),('20171S002466','9f3e9d7847d28ce6bb53c6ceb1ad66b3','2016-09-20',1,2,'1º semestre',2017),('20171S002472','c1254414e7149ad4f645032f8aff1573','2016-09-14',1,2,'1º semestre',2017),('20171S002481','051a3dbe0ce8c603f58d948fef080fc0','2016-09-18',4,1,'1º semestre',2017),('20171S002502','1623fee98a75df13e7b49c198a6f3929','2016-09-13',2,1,'1º semestre',2017),('20171S002505','aff22edd8039eebb9ca26b37fa6238af','2016-09-13',2,1,'1º semestre',2017),('20171S002513','107a27ddfbbceb67f8980bf47c4b12b5','2016-09-16',2,2,'1º semestre',2017),('20171S002515','107a27ddfbbceb67f8980bf47c4b12b5','2016-09-16',1,2,'1º semestre',2017),('20171S002526','dd2156e67187fcb7c5c4a3a42eb074c1','2016-09-13',1,1,'1º semestre',2017),('20171S002540','56dd645b7a9b0b6b7540cae85d11f838','2016-09-16',1,1,'1º semestre',2017),('20171S002569','e9cd488f1dc22103a306c9bd3ff49309','2016-09-14',1,2,'1º semestre',2017),('20171S002581','7ef3b207df8bae59ed739917d7b1a0eb','2016-09-14',3,1,'1º semestre',2017),('20171S002595','6f8bfbb60cba720f198bc3aa0eb2e060','2016-09-27',2,1,'1º semestre',2017),('20171S002597','8042a9276e8beb1a24d72271afa20155','2016-09-28',1,1,'1º semestre',2017),('20171S002609','c3b9e7352e0865d19ac741dd9534d206','2016-09-30',1,2,'1º semestre',2017),('20171S002641','d127c4bb6e972d365cc38d9caf7c2308','2016-09-15',3,1,'1º semestre',2017),('20171S002666','b5af499671aaf0c468f5c9fd7116d5cf','2016-09-15',1,2,'1º semestre',2017),('20171S002677','08c0f1d2711555d9a5d3a78422f46f21','2016-09-16',2,1,'1º semestre',2017),('20171S002696','202a7d977520f7355038de71f43ca703','2016-09-16',1,2,'1º semestre',2017),('20171S002711','6c0443c01ec3f61d01094221d008b177','2016-09-17',1,2,'1º semestre',2017),('20171s002728','005acbacb279d393c20b831ee940a88e','2016-10-30',4,1,'1º semestre',2017),('20171S002760','7f7abb5e078250de9ca8b1ec8531b2fb','2016-09-28',1,2,'1º semestre',2017),('20171S002766','63f88bb5d46c6fbc6c5a8b9fa98dca1c','2016-09-19',3,1,'1º semestre',2017),('20171S002782','82952fd162710492a5443ea5d1157f29','2016-09-22',1,1,'1º semestre',2017),('20171S002794','3819f0abe313430672887deafc35c6f7','2016-10-31',4,1,'1º semestre',2017),('20171S002813','a5281ea4095e0902c9db955ddde2c363','2016-09-27',1,2,'1º semestre',2017),('20171S002867','54025e11550d5d1407d3b7169cbd953a','2016-09-21',3,1,'1º semestre',2017),('20171S002921','b8c477f590ab4d3c3315fb0682de5cfe','2016-09-21',2,2,'1º semestre',2017),('20171S002924','e3cfbb395a130157437667c2b0e714fa','2016-09-20',1,1,'1º semestre',2017),('20171S002933','d32ecf272d3788341c753d53585f8ff4','2016-09-20',3,1,'1º semestre',2017),('20171S002936','d5e4e80c22b985dbc996d576f53fc96d','2016-09-22',2,1,'1º semestre',2017),('20171S002989','64bed6fba39999ae115851ea85800726','2016-09-21',1,2,'1º semestre',2017),('20171S003009','d59607096bc7534aa00cf48ada565889','2016-09-21',3,2,'1º semestre',2017),('20171S003024','f07609e0020ccf2658805653b7bde5c8','2016-09-21',2,2,'1º semestre',2017),('20171S003028','57cea040ac9a06a4306be905ba31e7be','2016-09-21',2,1,'1º semestre',2017),('20171S003038','dcb14ec452dfd54a6fe907cbde977e99','2016-09-21',1,2,'1º semestre',2017),('20171S003045','6c0443c01ec3f61d01094221d008b177','2016-09-21',2,2,'1º semestre',2017),('20171S003047','6d28c1ebe6a273d842920a538867247a','2016-09-29',2,2,'1º semestre',2017),('20171S003048','95f2d549ae0e930005c120246d269a2e','2016-10-15',4,1,'1º semestre',2017),('20171S003056','082c5caa783b7438f2b7bdc4691a5b1b','2016-09-28',1,2,'1º semestre',2017),('20171S003062','926e5788b6b81946cbc88f0843c36a98','2016-09-29',2,2,'1º semestre',2017),('20171S003077','5d5b6b2836a8da7d79945893f7cc0264','2016-09-25',2,2,'1º semestre',2017),('20171S003092','87cbad6409c3bf06efb2a63d4329abec','2016-09-28',2,2,'1º semestre',2017),('20171S003096','55928ebc520f8a2d560d44621900eaf5','2016-09-22',1,1,'1º semestre',2017),('20171S003102','75251aa4cc931d2cac95a8f100a475d8','2016-09-29',4,1,'1º semestre',2017),('20171S003110','f83c22dcbf2e8a03a265711475ceb7ef','2016-09-27',1,1,'1º semestre',2017),('20171S003132','59516bf641a41033da0997cbc4d5b0e2','2016-10-14',3,1,'1º semestre',2017),('20171S003133','7f75718a9c6337beb88f078c570ef27d','2016-09-26',4,1,'1º semestre',2017),('20171S003144','7d19e3125ece0dafb3b94ece6c5596ef','2016-09-26',1,1,'1º semestre',2017),('20171S003147','7d19e3125ece0dafb3b94ece6c5596ef','2016-09-26',2,1,'1º semestre',2017),('20171S003174','686be39cd503b9d1bf24bfc021ec0790','2016-09-23',1,1,'1º semestre',2017),('20171S003175','5f72bea006f088e7d94dc3cb61584a4e','2016-10-31',4,1,'1º semestre',2017),('20171S003191','1a5cf646e795f0f786b77594667743c7','2016-10-05',3,2,'1º semestre',2017),('20171S003203','be156fb23fcb71e1dcd2573582c0b352','2016-09-28',1,2,'1º semestre',2017),('20171S003211','6f8bfbb60cba720f198bc3aa0eb2e060','2016-09-27',1,1,'1º semestre',2017),('20171S003216','449eeaf651f733de503b5ef390fb2bf9','2016-09-23',1,2,'1º semestre',2017),('20171S003218','586d5b0e39f8441863f02414452a829a','2016-09-26',2,2,'1º semestre',2017),('20171S003231','07e179e82c908d4d6e1ac2fc31aa8bd3','2016-10-31',4,1,'1º semestre',2017),('20171S003245','0ccbbf9bb02db778303efccec5d2ca23','2016-09-26',1,2,'1º semestre',2017),('20171S003248','894ced13b420cd7800bb53d4c04f65c1','2016-09-26',1,2,'1º semestre',2017),('20171S003250','b2c20d2a94ae5906fd7c9b6ba627d9f3','2016-09-24',3,2,'1º semestre',2017),('20171S003251','f60bd2986937d491abf08e537937036c','2016-09-24',4,1,'1º semestre',2017),('20171S003291','81c65e2c4082da13f5a4d7ecf269f86f','2016-09-25',3,2,'1º semestre',2017),('20171S003299','dedb30716c9b9fcf91d139b61d490b90','2016-09-27',1,2,'1º semestre',2017),('20171S003315','59d2f57b9f7dde837f93c0c0ef68195b','2016-09-27',3,1,'1º semestre',2017),('20171S003333','204817d3ea31c29e2013896e7d00ffb6','2016-09-28',2,2,'1º semestre',2017),('20171S003352','240075ba8c20272114bda764c03454e9','2016-09-26',1,1,'1º semestre',2017),('20171S003376','c3d0033ee9b7cb209ce30f27bc8bf2df','2016-09-26',2,1,'1º semestre',2017),('20171S003388','cfef1658e76ad38648d36b85e32cd382','2016-09-26',1,1,'1º semestre',2017),('20171S003390','ff20cfaa179a4a099f48c3b8bc2e2656','2016-09-27',1,1,'1º semestre',2017),('20171S003400','10fc3d3ba7d3bf0be2fdda0cc6cabd17','2016-10-07',3,2,'1º semestre',2017),('20171S003414','b28adb37580a3526c4a26d2bdd9bb990','2016-09-26',2,1,'1º semestre',2017),('20171S003418','54eca0d29f61fb8aa47779806235eeeb','2016-10-19',3,2,'1º semestre',2017),('20171S003430','6fe17b05bdf83fdd853c0156089ec936','2016-09-26',1,1,'1º semestre',2017),('20171S003431','938dfb9068f3a4b39de90b6de9660692','2016-09-26',3,1,'1º semestre',2017),('20171S003437','46ef0b134e372527a0516bf59bfcf300','2016-09-26',1,2,'1º semestre',2017),('20171S003440','bbf7f5c30ebace007b21410994b50baf','2016-10-10',3,2,'1º semestre',2017),('20171S003443','fcf40a35d759787e85cc77a9196a4234','2016-09-30',1,1,'1º semestre',2017),('20171S003447','f31c512936915abaaf3b9f8528173fab','2016-09-27',2,1,'1º semestre',2017),('20171S003455','ec8c2c80c7ec55b94c1d72ce7f147d45','2016-09-26',3,1,'1º semestre',2017),('20171S003484','c7dfa73d2e645ee0e6261dd4ee77e7e0','2016-10-01',3,2,'1º semestre',2017),('20171S003486','d2f173f76536b396001583f20d3e6843','2016-09-27',1,1,'1º semestre',2017),('20171S003501','7edbd1d7578928d37cf40fa079f1c6e1','2016-09-26',2,1,'1º semestre',2017),('20171S003511','101a9ff5842f2440d671314dbb2c2bcf','2016-09-26',4,1,'1º semestre',2017),('20171S003517','be47600cb3deb4c6d24517256c233aa7','2016-09-27',4,1,'1º semestre',2017),('20171S003518','7b603287dd9d2d4f16e4204bf71aec5b','2016-09-27',4,1,'1º semestre',2017),('20171S003524','4fdaa8b13950e743abd07b5afc22b770','2016-09-27',1,1,'1º semestre',2017),('20171S003528','07614f39fd8e5c8256f2a9af6ddf28a4','2016-09-27',1,1,'1º semestre',2017),('20171S003570','b43cdbc745bd1bf4fb745423a40271c0','2016-09-28',3,2,'1º semestre',2017),('20171S003572','a18d493f030b3ac24048025fc6609d11','2016-09-27',1,2,'1º semestre',2017),('20171S003610','10fbcaeb681acdc12c6ff0e1d5c47614','2016-09-29',2,2,'1º semestre',2017),('20171S003611','09755102b0df9b6aa5f6e6cf25d9ac68','2016-09-29',1,1,'1º semestre',2017),('20171S003613','e07e696460a615ae44c7fd6d7d02f278','2016-09-27',2,1,'1º semestre',2017),('20171S003631','1093916a09877f84f78522a5f5415ebb','2016-09-27',2,1,'1º semestre',2017),('20171S003636','f9e018610cf8716b7a85314cfc432800','2016-09-29',1,1,'1º semestre',2017),('20171S003641','a9efc81f1101cfe9d90cb85b8226d692','2016-09-29',1,1,'1º semestre',2017),('20171S003648','037b3492d4ecc5ea2c6ae90d73cd4e48','2016-09-27',3,1,'1º semestre',2017),('20171S003667','fbaa26b9175746bde586569c1e9613ed','2016-09-30',4,1,'1º semestre',2017),('20171S003668','816e3119a068216fb7767c83b00fa944','2016-09-27',1,1,'1º semestre',2017),('20171S003670','5e853be845794496d56ae7a24fb1bcc3','2016-09-29',2,2,'1º semestre',2017),('20171S003677','2258c11a52b42f1a740445ba307de14e','2016-10-07',3,1,'1º semestre',2017),('20171S003678','c8a2a74a97f7673832ddd82d41a789de','2016-09-29',3,2,'1º semestre',2017),('20171S003734','2e97f69a20766e5e5d72fed697526b39','2016-09-29',3,1,'1º semestre',2017),('20171S003749','d4a13a8ba2fa80ab2f89622717beeb23','2016-09-28',2,1,'1º semestre',2017),('20171S003751','8d0f143703e2cf48228725c58a22ba04','2016-09-28',1,1,'1º semestre',2017),('20171S003767','17d67610afac44d72c20195cb07c82f3','2016-09-28',1,1,'1º semestre',2017),('20171S003772','74ada225411661a23b86cc513bfc8938','2016-10-04',3,1,'1º semestre',2017),('20171S003773','84c535593a176c56f46c106362c59099','2016-10-10',3,2,'1º semestre',2017),('20171S003775','db11dd27794536697485bbcf86471cdb','2016-09-28',1,1,'1º semestre',2017),('20171S003777','245b7ecc99795b99d384d0e2ee8368c7','2016-09-30',1,2,'1º semestre',2017),('20171S003788','48a790d31e7b1c0ed1ed6741c5e912c5','2016-09-30',1,2,'1º semestre',2017),('20171S003818','2fd484038cf8f270d61d8bd1027c9fa4','2016-09-22',1,2,'1º semestre',2017),('20171S003827','639bbe57e10cb1bf01858e6a58304e65','2016-09-28',1,1,'1º semestre',2017),('20171S003830','f6f8064067c12b55a3a50faabad12752','2016-09-30',1,2,'1º semestre',2017),('20171S003852','16c5b910a96716a224d974b02be53b1c','2016-09-28',1,2,'1º semestre',2017),('20171S003870','51338c9d2b6e8116d30be72df70c9d62','2016-10-13',3,1,'1º semestre',2017),('20171S003872','b6e189dc93fab5b5d323f210735d5cf4','2016-09-29',1,1,'1º semestre',2017),('20171s003891','c9c1cc6bb0ab001d951b222d2d30c394','2016-09-29',1,1,'1º semestre',2017),('20171S003904','a2b214e43db360e89d5299cf92dfd058','2016-09-29',1,1,'1º semestre',2017),('20171S003908','07c9c5b0c9ce88f889e5ec6b8b9004d4','2016-09-29',2,1,'1º semestre',2017),('20171S003910','97b08f644f9e7ebb1817749ae636c985','2016-09-29',3,1,'1º semestre',2017),('20171S003963','de0bbb0cff479d3c5af034dab0bfba57','2016-09-29',1,2,'1º semestre',2017),('20171S003980','6b545a095d0e69b62ed5749dc4dbfcac','2016-10-11',4,1,'1º semestre',2017),('20171S003986','df5e98e422bb91b50ff7e010ee6bbc4d','2016-09-30',1,2,'1º semestre',2017),('20171S003988','f3ccb009b785677c8e5f5f70c43d08cb','2016-10-14',2,2,'1º semestre',2017),('20171S004003','be156fb23fcb71e1dcd2573582c0b352','2016-09-29',2,2,'1º semestre',2017),('20171S004012','3a4c1573655212a4d856640c954b6394','2016-09-29',1,2,'1º semestre',2017),('20171S004020','0f73d348d4977c6ded4fdabe615e8975','2016-09-29',1,2,'1º semestre',2017),('20171S004031','7baa8e9b8ed89173421e8b17d8d1d88b','2016-09-30',2,2,'1º semestre',2017),('20171S004048','81f54732bfeea11906028e3eb4168e36','2016-09-30',1,2,'1º semestre',2017),('20171S004049','510cd9df017f8e8e519e1026710088f7','2016-09-30',2,2,'1º semestre',2017),('20171S004078','62ea4c0abfb208746c3f2072bdb754c9','2016-09-30',4,1,'1º semestre',2017),('20171S004090','85d3696589308636e0a9eceaabd4a567','2016-09-30',1,1,'1º semestre',2017),('20171S004103','c1baa824f2aae4c95b38519fce9cff9d','2016-10-13',1,1,'1º semestre',2017),('20171S004111','9c567679b8064a0e66cad8c08bd3592a','2016-09-30',1,2,'1º semestre',2017),('20171S004127','4c04c5e7c3dc63da6642da2ca154dea6','2016-09-30',1,2,'1º semestre',2017),('20171S004154','959d2fc4bab6fbc55aefd5dbfa28d8be','2016-10-10',1,2,'1º semestre',2017),('20171S004167','3634486dccc879c3d81fbf89988a2961','2016-09-30',2,1,'1º semestre',2017),('20171S004400','9f8920585ecbbf88c03cda593dc43444','2016-10-14',3,1,'1º semestre',2017),('20171S004429','ea53723bf5e5bd48518b69a4b085b887','2016-10-03',3,1,'1º semestre',2017),('20171S004433','cad1f321f0344803d90bbff83a44532d','2016-10-04',3,1,'1º semestre',2017),('20171S004451','ea2b22cd9c4ab45910232ed74a072abb','2016-10-07',3,1,'1º semestre',2017),('20171S004478','790a237ba9c0321515501724fcb67673','2016-10-04',3,1,'1º semestre',2017),('20171S004580','078c7cefb768a62874e742ba67937c63','2016-10-31',4,1,'1º semestre',2017),('20171S004698','47312a03a2aaddcdb3ceefa06122c774','2016-10-27',4,1,'1º semestre',2017),('20171S004706','9d80b5747323f66c6d1636cbcb1bac0f','2016-10-06',4,1,'1º semestre',2017),('20171S004738','b273b6cd4e926421cdcc6b32dacd2cdb','2016-10-13',3,2,'1º semestre',2017),('20171S004775','df04157b66c3d996c34e4e114522e2f7','2016-10-07',3,1,'1º semestre',2017),('20171S004846','0c44468d8f4cb34f7d76f5ccdfd63d8d','2016-10-08',4,1,'1º semestre',2017),('20171S004937','378d2641dbbc8a427bfc3ea5977f6199','2016-10-09',4,1,'1º semestre',2017),('20171S004975','f6340a04054c1bd4458209b8dce4b3e2','2016-10-11',3,1,'1º semestre',2017),('20171S004993','19e045da9bb9d0ce4671b0bbdb254e53','2016-10-10',4,1,'1º semestre',2017),('20171S005011','b273b6cd4e926421cdcc6b32dacd2cdb','2016-10-10',3,1,'1º semestre',2017),('20171S005083','08fb51aced5bcbe6e442b042a70a7930','2016-10-10',3,1,'1º semestre',2017),('20171S005093','ac6cf97720b23a046b52e49dfcbdb031','2016-10-11',3,2,'1º semestre',2017),('20171S005117','824eab67d9b6f10991cbd9b53c565db0','2016-10-11',3,1,'1º semestre',2017),('20171S005119','2f8b9bae53daf6a4727ed3339d483d35','2016-10-11',3,1,'1º semestre',2017),('20171S005125','4b5b49bd650e4e55cac815a3aa1abad5','2016-10-14',3,1,'1º semestre',2017),('20171S005149','18a706fe86c0196f5f3afe9d0cbbdec1','2016-10-11',3,2,'1º semestre',2017),('20171S005157','76336254e30d02568b518f0fcaf56f2f','2016-10-11',3,1,'1º semestre',2017),('20171S005170','cb183e3e5672e44191ee8ee2ef239bfe','2016-10-11',3,2,'1º semestre',2017),('20171S005180','1a39c36832d47cfbd6382e0f6ef843bf','2016-10-12',3,1,'1º semestre',2017),('20171S005200','f2eb5c6eed326c7ba7dd1851800b98a3','2016-10-14',3,1,'1º semestre',2017),('20171S005211','f3d67d82cd38c5a8f69da9ef6048e989','2016-10-12',3,1,'1º semestre',2017),('20171S005236','352dca7aafff196a7183768f635d1812','2016-10-13',3,1,'1º semestre',2017),('20171S005244','e1a16721b358f3ee44686934daf013ef','2016-10-13',3,1,'1º semestre',2017),('20171S005246','97b08f644f9e7ebb1817749ae636c985','2016-10-13',3,2,'1º semestre',2017),('20171S005279','a0ae5d2db050dd754ae708f643e06d56','2016-10-13',2,2,'1º semestre',2017),('20171S005284','36da661d23d12c43f7e315171dce0cca','2016-10-13',3,1,'1º semestre',2017),('20171S005300','9d63aafe1da6b364f633e9120e4f5993','2016-10-13',3,1,'1º semestre',2017),('20171S005338','ae6992cfea6d526be3e64712b9d26384','2016-10-14',3,1,'1º semestre',2017),('20171S005422','f6ffc6de3098aea13136c007297c8361','2016-10-22',4,1,'1º semestre',2017),('20171S005500','96d92cd9e54e59d3423e2182475bbecf','2016-10-18',4,1,'1º semestre',2017),('20171S005585','cc214e397275fb01a63da425039b0812','2016-10-17',4,1,'1º semestre',2017),('20171S005636','69c582b9527d87b1271bf01d9af7de15','2016-10-17',4,1,'1º semestre',2017),('20171S005700','7f6a41ab5c1be2cc986517a56877933b','2016-10-18',4,1,'1º semestre',2017),('20171S005771','49e429d345f49334f10aca4e6640723b','2016-10-19',4,1,'1º semestre',2017),('20171S005962','870682d6b21951f44984b6b473343e48','2016-10-21',4,1,'1º semestre',2017),('20171S006011','e6f569c83ee65c244304ad92c607bf57','2016-10-26',4,1,'1º semestre',2017),('20171S006046','57c931fc4e1d7a593cdc6584f0489677','2016-10-24',4,1,'1º semestre',2017),('20171S006204','2583d60ee8ba23bb8d17a7eb0e94ef69','2016-10-24',4,1,'1º semestre',2017),('20171S006222','e2567d8b743cf8d6d7a2df40b721c9e2','2016-10-24',4,1,'1º semestre',2017),('20171S006248','e864cdfe4495ef682e59e8a0cc88c2cc','2016-10-30',4,1,'1º semestre',2017),('20171S006281','233b6f0ee24159021b2e3f62e190a376','2016-10-25',4,1,'1º semestre',2017),('20171S006314','a5bb27851d479cc18b4a87672e1f51ad','2016-10-29',4,1,'1º semestre',2017),('20171S006367','fef6608e0016fc96b9e6ed733f630661','2016-10-31',4,1,'1º semestre',2017),('20171S006375','3584957c4a9d7f1f6fa9e8315358dd7a','2016-10-26',4,1,'1º semestre',2017),('20171S006391','e332061483c7e8778d1a49d0a0260379','2016-11-04',4,1,'1º semestre',2017),('20171S006430','14b745358d8ba7515c07a0a43fe1932b','2016-10-26',4,1,'1º semestre',2017),('20171S006552','29c115234ffed4498fdc4939897a5cd3','2016-10-31',4,1,'1º semestre',2017),('20171S006555','feed9411c2e3e7ec494209312b4e1a17','2016-10-29',4,1,'1º semestre',2017),('20171S006594','e5fc3154a9b404a609dcfdd1015bfb81','2016-10-31',4,1,'1º semestre',2017),('20171S006603','de929fb00edd034e6ae21aaa26ad83d9','2016-10-31',4,1,'1º semestre',2017),('20171S006623','18ce6353e5d5571e7d39b1283b3669f9','2016-10-31',4,1,'1º semestre',2017),('20171S006651','354ec6690dfaf173401b75ce66786254','2016-10-31',4,1,'1º semestre',2017),('20171S006660','c5819a85195b549275378f8461dd2e8c','2016-10-30',4,1,'1º semestre',2017),('20171S006679','547b62db26b7b141e33d5eb207073a21','2016-10-31',4,1,'1º semestre',2017),('20171S006700','f0f3fc27f25a9717611043cc5eae7e1d','2016-10-31',4,1,'1º semestre',2017),('20171S006703','cb83e1a04459f2ee7ec5c880751b9b8c','2016-10-31',4,1,'1º semestre',2017),('20171S006709','9ab1c833831b4cc3a32b79744c8c1a31','2016-10-31',4,1,'1º semestre',2017),('20171S006725','4e5f9a318de8765929c0470a51e28ed6','2016-10-31',4,1,'1º semestre',2017),('20171S006731','b5af482d34bd063baf0eb4da26be4093','2016-10-31',4,1,'1º semestre',2017),('20171S006736','a36ecd2b8ad6f650d7dbd38477625b66','2016-10-31',4,1,'1º semestre',2017),('20171S006738','f475c5b8a789a84f738515b0f9144cae','2016-11-03',4,1,'1º semestre',2017),('20171S006751','2afe9f6ed2cf2fefc01a17098fe5ae4c','2016-11-01',4,1,'1º semestre',2017),('20171S007015','12150d5f6e809069eb5bdee4a37b878a','2016-11-09',4,1,'1º semestre',2017),('20171S1002362','689949d0b93b0c937a24c525d3e9b569','2016-10-02',4,1,'1º semestre',2017),('20171soo3619','9eeea1d007d91512f5ab49e2ed196946','2016-09-29',2,2,'1º semestre',2017),('201725000244','92e319f58d0d191312e5a30ccb517a3c','2017-03-23',1,1,'2º semestre',2017),('20172S000003','55516b11c67a1df9933fca4485ef6acc','2017-03-07',1,1,'2º semestre',2017),('20172S000004','b7fe6e07215268109848707853a00554','2017-03-04',1,1,'2º semestre',2017),('20172S000010','5a8b60f69de0462db8d188b3977c9e18','2017-03-05',1,2,'2º semestre',2017),('20172S000014','4a6a7b3eef9bdbd1b1d5e61dd5d9f6d9','2017-03-06',1,1,'2º semestre',2017),('20172S000017','3b59a534efc32f74f4502ba2712fae09','2017-03-06',1,1,'2º semestre',2017),('20172S000029','93db4b0d5b4983fb386d403f50166c4b','2017-03-15',2,2,'2º semestre',2017),('20172S000030','fa46cc7520e3ee2170d8c029c06aac79','2017-03-07',1,1,'2º semestre',2017),('20172S000031','d6eddaeac59d6c5fb289f05f657e59ef','2017-04-03',1,2,'2º semestre',2017),('20172S000032','5121240551ebcaa13280a5f546ffee9f','2017-03-18',2,2,'2º semestre',2017),('20172S000033','4a96d6c974daff8e68033be6f072d8f2','2017-04-18',1,1,'2º semestre',2017),('20172S000034','0623b8d24f3bfd9b879ddd89db23dc68','2017-03-23',1,2,'2º semestre',2017),('20172S000036','ea2314c307e967fb832c3cbb904df1d0','2017-03-09',2,1,'2º semestre',2017),('20172S000046','fddb9ce523862795b7f36de41175a623','2017-03-11',1,1,'2º semestre',2017),('20172S000047','f9b2043c0eca7da34ea166e96b89b239','2017-05-05',1,1,'2º semestre',2017),('20172S000060','7baa8e9b8ed89173421e8b17d8d1d88b','2017-03-14',2,2,'2º semestre',2017),('20172S000075','6ff29c7fb6a33dd70e9e9a516e01620e','2017-03-14',2,1,'2º semestre',2017),('20172S000109','70885f99781d4094f78c0adff860f6e3','2017-03-17',2,1,'2º semestre',2017),('20172S000118','6d26e531d1854a6300aad33348aeb24e','2017-03-21',1,2,'2º semestre',2017),('20172S000123','4e97ff8a58de786cde2f0a05d3a695d3','2017-03-21',2,1,'2º semestre',2017),('20172S000146','29b84becab3deacaeb54c48e1698694a','2017-05-04',1,1,'2º semestre',2017),('20172S000194','ffd64d8e69838956b0602958db5fda9a','2017-03-21',1,1,'2º semestre',2017),('20172S000240','b087e4a666671f09438981dbea7f1984','2017-03-23',2,1,'2º semestre',2017),('20172S000241','5d18cfa174d87736d05b3ba7767b6f67','2017-03-23',1,2,'2º semestre',2017),('20172S000245','84863651ada8be70f0c5aec92a69ef8a','2017-03-23',1,2,'2º semestre',2017),('20172S000246','feb83a878c625024adf231bd154f6df6','2017-03-23',2,1,'2º semestre',2017),('20172S000254','3bf526008b8eda3f4dc22dff0237389e','2017-03-23',1,2,'2º semestre',2017),('20172S000257','55bf46ec7c3bfabceb58e62aac025bb4','2017-04-28',1,2,'2º semestre',2017),('20172S000260','aa723c2bad02c4abe39590258bf5298c','2017-04-01',1,1,'2º semestre',2017),('20172S000277','7ab0acd16768a995eb89cbbee35a0233','2017-05-11',2,1,'2º semestre',2017),('20172S000284','05469d1242501b3393b70580b9d902ff','2017-03-25',2,1,'2º semestre',2017),('20172S000285','05469d1242501b3393b70580b9d902ff','2017-03-25',2,2,'2º semestre',2017),('20172S000363','ad1e609cb06767326685a4468b5c2ee9','2017-04-03',1,2,'2º semestre',2017),('20172S000374','eb3932e499268a73bd874d0c0d145dd0','2017-03-27',1,2,'2º semestre',2017),('20172S000443','507b07e2f288f4821db85e5012e4b098','2017-04-13',1,2,'2º semestre',2017),('20172S000448','7c7adea24a320e4c6658d43187b1579c','2017-04-12',2,2,'2º semestre',2017),('20172S000479','f5a95bf28becb9334837b0b094917568','2017-03-29',1,1,'2º semestre',2017),('20172S000481','e93d99c5abe389454f152e4b2dd9b0eb','2017-04-06',2,1,'2º semestre',2017),('20172S000531','07614f39fd8e5c8256f2a9af6ddf28a4','2017-03-30',1,1,'2º semestre',2017),('20172S000554','7276e9f432581f12719df5da66f6239d','2017-04-18',2,2,'2º semestre',2017),('20172S000556','e84eed4a6c6dd9936be5019cd6cacd58','2017-04-30',1,2,'2º semestre',2017),('20172S000648','990eaaee3d86a1a7ead4e45601dba31f','2017-04-03',2,2,'2º semestre',2017),('20172S000674','7262dcb164cca672ba18a4cc094c98c2','2017-04-04',1,2,'2º semestre',2017),('20172S000708','96a17c539a51d5204516296a08546a53','2017-04-06',2,2,'2º semestre',2017),('20172S000791','23e47d2439cd9a1e1b45f25a738a0136','2017-04-08',1,1,'2º semestre',2017),('20172S000824','ed0a71c2bce9b86d7272873cbdf48b60','2017-04-07',1,1,'2º semestre',2017),('20172S000839','096c25676a13644f6bfedb2203ac3923','2017-04-26',1,1,'2º semestre',2017),('20172S000872','c4e890ad6507b4ed24e0963677b26d23','2017-04-08',1,1,'2º semestre',2017),('20172S000880','f658ea5b93122de351547d785a8d4c81','2017-05-02',1,2,'2º semestre',2017),('20172S000884','5dd6f876f848803a2e251d2e015cfa28','2017-04-09',1,1,'2º semestre',2017),('20172s000887','a03777d90540ae684439e0dca02afe98','2017-04-09',1,1,'2º semestre',2017),('20172S000889','e3a2abaedd312d3bd306ad042b6112c0','2017-04-25',1,2,'2º semestre',2017),('20172S000951','cb7976cfe72a30d864438b43a1d15b9b','2017-04-10',2,2,'2º semestre',2017),('20172S000960','945646fea738b00ee87aa10ae36d3322','2017-04-11',1,2,'2º semestre',2017),('20172S000962','d92019741fab5d216f8895abfe9bf684','2017-04-11',1,1,'2º semestre',2017),('20172S000997','b18d9bc3b9136eb274f6a2081176a37f','2017-04-11',2,2,'2º semestre',2017),('20172S001000','b18d9bc3b9136eb274f6a2081176a37f','2017-04-11',1,2,'2º semestre',2017),('20172S001020','6081c9ebd6a3228ee04e0292189b2b8e','2017-04-11',2,1,'2º semestre',2017),('20172S001035','7b883a0e3a80d8efebdeacdc548210a1','2017-04-16',2,1,'2º semestre',2017),('20172S001056','c7b4067544febb52e0bc47fe569bfe0b','2017-04-12',1,1,'2º semestre',2017),('20172S001059','2578c74f84021d408acc8d3b836f606d','2017-04-25',1,1,'2º semestre',2017),('20172S001083','b581b799ef9af99ce687de261d4666f4','2017-04-14',1,1,'2º semestre',2017),('20172S001084','3a8e599607b36002540ed59ee9796ab4','2017-04-14',1,1,'2º semestre',2017),('20172S001105','91ca20e4e53a85e3a57aa742219a9e08','2017-04-24',1,2,'2º semestre',2017),('20172S001141','907d2661840693590cc76d58553173a4','2017-04-25',1,1,'2º semestre',2017),('20172S001148','8827091f1c394b6dd6b68bf9e0e31f29','2017-04-17',1,2,'2º semestre',2017),('20172S001213','3cda3a72f78287aa9af934d5c1709bc7','2017-04-18',2,1,'2º semestre',2017),('20172S001214','d1b8d2aa4233ed846ec920b8e7f8dd51','2017-04-18',1,1,'2º semestre',2017),('20172S001222','735de0f61382e5c624906b767c5f8a3f','2017-04-29',1,1,'2º semestre',2017),('20172S001225','bc36dffa1a9769fe7a0dba340765d404','2017-04-19',1,1,'2º semestre',2017),('20172S001226','b71d157b00620830f9dfff8a33ed96fb','2017-04-18',1,2,'2º semestre',2017),('20172s001228','64e3b1de1eafd1506f36db9aa6c858af','2017-04-20',2,2,'2º semestre',2017),('20172S001272','5b9b62c4af491f76ff1bcf2e22c4f756','2017-04-19',1,1,'2º semestre',2017),('20172S001275','cb03b1676f9c3cb240bf52ae931764b2','2017-04-19',2,2,'2º semestre',2017),('20172S001279','003f0462170e77d5838259a8a47f4bc1','2017-04-24',2,2,'2º semestre',2017),('20172S001280','0d4e36a12cd0fed59f0b0398d240a74a','2017-04-19',1,2,'2º semestre',2017),('20172S001300','b57d00ef8a709a0fa07e6e426ed1ad7e','2017-04-20',1,2,'2º semestre',2017),('20172S001347','70dc239b1b8274e5be203cfd18b695ce','2017-04-20',2,1,'2º semestre',2017),('20172S001355','105ec557cf105a067542455c00328612','2017-03-03',1,1,'2º semestre',2017),('20172S001357','a785f14260d87cfd8091cae5b6482fd5','2017-04-21',2,1,'2º semestre',2017),('20172S001360','6ae635afe55fb50eb618877d2a2cac48','2017-04-21',1,1,'2º semestre',2017),('20172S001382','c1e39527ccc407a605af9fc2a52d7c63','2017-04-23',1,1,'2º semestre',2017),('20172S001385','5b06b537a0770ced57265066ffe26804','2017-04-23',1,1,'2º semestre',2017),('20172S001400','570c9d46d982b13e7e9a0c9ba7f7eb85','2017-04-28',2,1,'2º semestre',2017),('20172S001416','f0d1e05a6c99c5ec5955baf8146a39dd','2017-04-25',1,1,'2º semestre',2017),('20172S001427','b7fac41dba34a249bc6b418938bfdcd5','2017-04-26',1,1,'2º semestre',2017),('20172S001429','15bfa88c62fd3bc961bafb7cd18fd706','2017-04-25',1,2,'2º semestre',2017),('20172S001446','01eb7f4870ff78ea7a8789077c8aa651','2017-04-25',1,2,'2º semestre',2017),('20172S001450','4491b4c0bcd2a0a90ba3b03505c520dc','2017-04-25',1,2,'2º semestre',2017),('20172S001451','a9f6210fd98bd19c13720450e7b669ac','2017-04-25',1,2,'2º semestre',2017),('20172S001454','64bed6fba39999ae115851ea85800726','2017-04-25',1,2,'2º semestre',2017),('20172S001474','9700d03938a50a514ec81fe422aaae73','2017-04-26',1,2,'2º semestre',2017),('20172S001490','0849f6b27951c54d45e48581ec27cc0d','2017-04-26',2,2,'2º semestre',2017),('20172S001493','24d6bdf6a4cffff8722609ac4f4d3911','2017-04-26',1,2,'2º semestre',2017),('20172S001497','2a856fb8f28657a7e1ab2cb8415ebe45','2017-04-26',2,1,'2º semestre',2017),('20172S001510','91ecbc29f6b31083de760f34509f08b0','2017-04-26',1,2,'2º semestre',2017),('20172S001517','49113c063e62d9c08b6c1e3ae985f444','2017-04-26',1,2,'2º semestre',2017),('20172S001531','a259f168de19757420a4eae55c7f9c8d','2017-04-27',1,1,'2º semestre',2017),('20172S001559','113081d70145d954de76c8488128c7db','2017-04-27',1,1,'2º semestre',2017),('20172S001560','17a4b1691b70feec5b88c0f64338368c','2017-04-27',1,2,'2º semestre',2017),('20172S001565','2417685caac9f779beccbafea04b2151','2017-04-27',1,1,'2º semestre',2017),('20172S001586','00f1d79152bd75bf5c4a16dbd584db83','2017-04-28',1,1,'2º semestre',2017),('20172S001593','6fb2c20d021be3125f08b61101afb99b','2017-04-28',1,1,'2º semestre',2017),('20172S001598','6b6a6fa432790c4c72f7fd9ed8cef07b','2017-04-28',1,1,'2º semestre',2017),('20172S001599','02ade77cc5cc760c81e13b8791246d82','2017-04-30',1,1,'2º semestre',2017),('20172S001600','02ade77cc5cc760c81e13b8791246d82','2017-04-30',2,1,'2º semestre',2017),('20172S001614','2ab59cd6e2b90232d5e6d6705145894c','2017-04-29',2,1,'2º semestre',2017),('20172S001622','987f3016ea54d61b6c8fd5b6278cd4fd','2017-04-30',1,1,'2º semestre',2017),('20172S001628','0a8ea9524659721367d9f29c45d6402d','2017-04-29',2,1,'2º semestre',2017),('20172S001796','0c61f11eeb940c9d76fd2d786eb89bd5','2017-05-05',1,2,'2º semestre',2017),('20172S001800','d9f3100515281c0d88fbe21329289ab8','2017-05-05',1,1,'2º semestre',2017),('2017S000005','b7fe6e07215268109848707853a00554','2017-03-09',2,1,'2º semestre',2017),('2017S001581','ac9c45770ad585954abe7572e8a29605','2017-04-28',1,1,'2º semestre',2017),('2017S003650','53bcf6f1b8bff26bb160b0b7af494f3e','2016-09-27',3,1,'1º semestre',2017),('2018TESTE1234567890','fb504313f368320e789fe1df282f7280','2017-06-20',2,1,'1º semestre',2018),('2018TESTE20182018','fb504313f368320e789fe1df282f7280','2017-06-26',2,2,'1º semestre',2018),('2018TESTE4567890123','fb504313f368320e789fe1df282f7280','2017-06-20',4,1,'1º semestre',2018),('25121960','749cc586d34dfd79665a842f0ddc3e8d','2016-09-20',2,2,'1º semestre',2017),('39092418838','9387c1d41cc3fa6ff3120fdd278b7411','2016-09-04',3,1,'1º semestre',2017),('40vozttY','8c841f0c44e26d451cdaf7ee0102793c','2017-03-28',2,2,'2º semestre',2017),('46561iXX','0af0be0b518b5802c2af4dae94e62a46','2016-10-28',4,1,'1º semestre',2017),('5','ddf7f74f352f28d87d12c4c0fa5c04de','2016-09-02',4,1,'1º semestre',2017),('500','4ba593bdd4a72070b645508b3050ae51','2016-08-10',2,1,'1º semestre',2017),('55555555555555555555','2e1b7bf3df632af83fc4e65b82d02b10','2016-11-07',4,1,'1º semestre',2017),('612','5c180d7dea208f863762831adeefe041','2016-09-18',3,1,'1º semestre',2017),('76569','915cc9f677aa34229a0741fb20fd3346','2016-09-11',1,2,'1º semestre',2017),('88','e7c434c0253b939a080dabbdb215c4fe','2016-09-05',2,1,'1º semestre',2017),('992808','34ad99c945721661c3ace64500a1cdec','2017-03-09',1,1,'2º semestre',2017),('a','2c8d8666f2d4a975cbc103e521b00aae','2016-08-01',3,1,'1º semestre',2017),('Impressão da Inscriç','df722d76c0eb380bb91f026c69876cce','2016-09-26',3,1,'1º semestre',2017),('NA161S11C16D40D00072','c16d40d00072c82339c55b84177326b4','2016-08-03',1,1,'1º semestre',2017),('NA161S11C9527DE9DE6E','c9527de9de6ed095917981a007cc7628','2016-09-21',1,1,'1º semestre',2017),('NA161S134010AA8B8C2C','4010aa8b8c2c8490b203021a76cc6682','2016-12-03',1,3,'1º semestre',2017),('NA161S13821F5FEC49AD','821f5fec49ade087b3790b8f456ce622','2016-12-04',1,3,'1º semestre',2017),('NA161S144A96D6C974DA','4a96d6c974daff8e68033be6f072d8f2','2016-08-01',1,4,'Verão',2017),('NA161S14F5A95BF28BEC','f5a95bf28becb9334837b0b094917568','2016-08-01',1,4,'Verão',2017),('NA161S150E52BF287D4B','0e52bf287d4b626a44e0f24731f7f820','2016-11-29',1,5,'1º semestre',2017),('NA161S1518926E6D3AD8','18926e6d3ad8430a128a7eca0403a9df','2016-11-02',1,5,'1º semestre',2017),('NA161S151B69A7159B2C','1b69a7159b2c97047f7b0f23e858f77d','2016-11-02',1,5,'1º semestre',2017),('NA161S15415239AE0A65','415239ae0a65623eccd31ab931a4e812','2016-11-03',1,5,'1º semestre',2017),('NA161S1545E41ACCAAAA','45e41accaaaa1f7164d8eda5d8ac1dfc','2016-11-27',1,5,'1º semestre',2017),('NA161S154D88BFD2EDAD','4d88bfd2edad9dfcd9ae08e5f0a5bcc5','2016-11-03',1,5,'1º semestre',2017),('NA161S15532F2BE7F09C','532f2be7f09ccd3ac8c223d8b6ea74d2','2016-11-10',1,5,'1º semestre',2017),('NA161S1569CEFB9472AE','69cefb9472ae3de5850b7b9c45ca6c3a','2016-11-14',1,5,'1º semestre',2017),('NA161S156BE97A08573C','6be97a08573c952871bdd30bb3f0aa22','2016-11-08',1,5,'1º semestre',2017),('NA161S1571DA5C0CB277','71da5c0cb277c1d716f5f33dbf9ea458','2016-11-07',1,5,'1º semestre',2017),('NA161S1583F3C9E89E07','83f3c9e89e074f93b22681035a930aa9','2016-11-04',1,5,'1º semestre',2017),('NA161S15939C2F5A4245','939c2f5a4245de9c7c71bee6dc7429d7','2016-11-25',1,5,'1º semestre',2017),('NA161S15C267D133732A','c267d133732a358d94ff28006861fe01','2016-11-04',1,5,'1º semestre',2017),('NA161S15E8733860CFA7','e8733860cfa76249949b3a77481afb37','2016-11-30',1,5,'1º semestre',2017),('NA161S213510426D7655','3510426d76557f28f30ec3e847dbee42','2016-09-21',2,1,'1º semestre',2017),('NA161S23003F0462170E','003f0462170e77d5838259a8a47f4bc1','2016-12-11',2,3,'1º semestre',2017),('NA161S23019EDF96EC7B','019edf96ec7b39da292541fd1edb6ff4','2016-11-17',2,3,'1º semestre',2017),('NA161S231EB2DBC27912','1eb2dbc27912ab90922398061eba940b','2016-12-19',2,3,'1º semestre',2017),('NA161S234010AA8B8C2C','4010aa8b8c2c8490b203021a76cc6682','2016-12-03',2,3,'1º semestre',2017),('NA161S2346D2086E4EA7','46d2086e4ea73382a1568867296ae4cf','2016-11-29',2,3,'1º semestre',2017),('NA161S2369CEFB9472AE','69cefb9472ae3de5850b7b9c45ca6c3a','2016-11-15',2,3,'1º semestre',2017),('NA161S237E590DA6E3B6','7e590da6e3b6cdee21f1507bfcd7fb31','2016-11-29',2,3,'1º semestre',2017),('NA161S239578878AE375','9578878ae37556fa97fd862f91ef749e','2016-11-30',2,3,'1º semestre',2017),('NA161S333533A9A10973','3533a9a10973d034d35674649e6ccaa7','2016-12-02',3,3,'1º semestre',2017),('NA161S334010AA8B8C2C','4010aa8b8c2c8490b203021a76cc6682','2016-12-03',3,3,'1º semestre',2017),('NA161S3385691D58C317','85691d58c3173c4165978a8173964734','2016-11-08',3,3,'1º semestre',2017),('NA161S33B273B6CD4E92','b273b6cd4e926421cdcc6b32dacd2cdb','2016-11-11',3,3,'1º semestre',2017),('NA161S33C9FF40D1F108','c9ff40d1f108a5011902b34056d48cdf','2016-12-05',3,3,'1º semestre',2017),('NA161S33CB2CA1E60FAA','cb2ca1e60faa0e206487182adde8f7b5','2016-12-01',3,3,'1º semestre',2017),('NA161S33EA53723BF5E5','ea53723bf5e5bd48518b69a4b085b887','2016-12-03',3,3,'1º semestre',2017),('NA161S41CE2F2DB049C2','ce2f2db049c23475c36285c1814cef33','2016-10-30',4,1,'1º semestre',2017),('NA161S41EFD4E0199CB3','efd4e0199cb32b9f8e4c3ad30b874d94','2016-09-11',4,1,'1º semestre',2017),('NA16VS140117A902B675','0117a902b675cfb37bcd29cc5c48ece3','2016-11-10',1,4,'Verão',2017),('NA16VS1401DF58724A4D','01df58724a4d520be327bf69b3346dde','2016-11-08',1,4,'Verão',2017),('NA16VS1404E17DB6343F','04e17db6343f67ffe77f5e17782ec7bb','2016-11-09',1,4,'Verão',2017),('NA16VS1404E896EFE253','04e896efe253730f64200b4938bebe76','2016-10-17',1,4,'Verão',2017),('NA16VS1406CA639DE81C','06ca639de81ceaa9464598bffc9b52f5','2016-11-12',1,4,'Verão',2017),('NA16VS1407614F39FD8E','07614f39fd8e5c8256f2a9af6ddf28a4','2016-11-14',1,4,'Verão',2017),('NA16VS1409755102B0DF','09755102b0df9b6aa5f6e6cf25d9ac68','2016-09-30',1,4,'Verão',2017),('NA16VS1409DC351A539C','09dc351a539ca436e8dc7eb4b0cbfa8f','2016-11-13',1,4,'Verão',2017),('NA16VS140AFAB398ACCB','0afab398accb5e989498d573f797fa62','2016-11-15',1,4,'Verão',2017),('NA16VS140DA0BBFC2348','0da0bbfc23486e7ccf9314b7ade90748','2016-09-14',1,4,'Verão',2017),('NA16VS1410026B7E4390','10026b7e43908f3b64a5dcdf5fed573b','2016-11-14',1,4,'Verão',2017),('NA16VS141251C3A3D2EB','1251c3a3d2eb4543f23355ab8250879e','2016-11-14',1,4,'Verão',2017),('NA16VS14150AB1F08C94','150ab1f08c94bb9bd2170e48eb879c30','2016-11-04',1,4,'Verão',2017),('NA16VS1418A1BF8A6079','18a1bf8a60798c5ee36f11536e55db6f','2016-09-29',1,4,'Verão',2017),('NA16VS14199B5C80BDDD','199b5c80bddd3f662a1c9d1eeefbec40','2016-10-20',1,4,'Verão',2017),('NA16VS141A453B173E37','1a453b173e37cb6f3cd513ff93039a1a','2016-11-10',1,4,'Verão',2017),('NA16VS141A97EC209BBE','1a97ec209bbe2b826825b9b927877db9','2016-11-04',1,4,'Verão',2017),('NA16VS141B69A7159B2C','1b69a7159b2c97047f7b0f23e858f77d','2016-11-02',1,4,'Verão',2017),('NA16VS141C0D61C6EDF8','1c0d61c6edf88c735600ed3fb3325e45','2016-10-25',1,4,'Verão',2017),('NA16VS141DCEBBB8EEC1','1dcebbb8eec16adf70d61fea2cd28186','2016-09-11',1,4,'Verão',2017),('NA16VS141F46CDD6BE9A','1f46cdd6be9a3e32e706ad674af5d489','2016-09-22',1,4,'Verão',2017),('NA16VS1423E47D2439CD','23e47d2439cd9a1e1b45f25a738a0136','2016-10-06',1,4,'Verão',2017),('NA16VS14240075BA8C20','240075ba8c20272114bda764c03454e9','2016-10-10',1,4,'Verão',2017),('NA16VS1429776018D6F1','29776018d6f19268ae97b8688136a274','2016-10-29',1,4,'Verão',2017),('NA16VS142A8F6DE508A7','2a8f6de508a76fef511298b208542ee3','2016-10-07',1,4,'Verão',2017),('NA16VS142DAF9AEF272B','2daf9aef272bc53f950e886a64b0ce35','2016-11-11',1,4,'Verão',2017),('NA16VS1431AC3DDA6F97','31ac3dda6f97bef5bee2f5d16eb92a59','2016-08-26',1,4,'Verão',2017),('NA16VS14332097B39633','332097b396337917a35603299f816e10','2016-11-08',1,4,'Verão',2017),('NA16VS143F515E90773B','3f515e90773b9e397f75efb3072f22d2','2016-11-12',1,4,'Verão',2017),('NA16VS144023E78531C5','4023e78531c5ad4990b8197a79a720db','2016-10-21',1,4,'Verão',2017),('NA16VS1441EC59746719','41ec59746719bdb719f416bc0bc12ace','2016-08-22',1,4,'Verão',2017),('NA16VS1441F28945C93E','41f28945c93ebd950ccf2c548add4173','2016-08-21',1,4,'Verão',2017),('NA16VS144262CAFB8F7F','4262cafb8f7f1da608539a7493aac72a','2016-11-10',1,4,'Verão',2017),('NA16VS1443F317CE58EE','43f317ce58ee7781d6e120a2870c5cd5','2016-09-01',1,4,'Verão',2017),('NA16VS14471573B717D9','471573b717d90fafa0e26a7b4e9e485e','2016-08-17',1,4,'Verão',2017),('NA16VS144782B170A9BB','4782b170a9bb861724e39b0763b47d92','2016-11-10',1,4,'Verão',2017),('NA16VS1449233B9BC7C5','49233b9bc7c55ec8a4569da0b52203eb','2016-10-20',1,4,'Verão',2017),('NA16VS144B9618B34039','4b9618b340390a353141ee18459f6e2b','2016-10-31',1,4,'Verão',2017),('NA16VS144BC6A3CA2C4F','4bc6a3ca2c4fbbe21e200144bb315ab0','2016-10-25',1,4,'Verão',2017),('NA16VS144CCA7C394154','4cca7c394154a4e95cc32f3510eae0ac','2016-11-14',1,4,'Verão',2017),('NA16VS144D0294BE19ED','4d0294be19ed3ca32d64ba5a447e4475','2016-09-02',1,4,'Verão',2017),('NA16VS144D05E1B3CF2A','4d05e1b3cf2a5952cadffc9e5ca5c446','2016-11-08',1,4,'Verão',2017),('NA16VS1451052A599568','51052a5995682afd5728cdb27f668b48','2016-11-08',1,4,'Verão',2017),('NA16VS14528FAEE45C9A','528faee45c9a2e69e1934942191f05c4','2016-10-06',1,4,'Verão',2017),('NA16VS14532F2BE7F09C','532f2be7f09ccd3ac8c223d8b6ea74d2','2016-11-10',1,4,'Verão',2017),('NA16VS1453AED0A14551','53aed0a14551b4b01f30a3a320a0c57a','2016-11-13',1,4,'Verão',2017),('NA16VS1454DFDF3F74D7','54dfdf3f74d7fbc116b1d22e60971fc0','2016-10-24',1,4,'Verão',2017),('NA16VS1455928EBC520F','55928ebc520f8a2d560d44621900eaf5','2016-11-15',1,4,'Verão',2017),('NA16VS1457DB69448B43','57db69448b438cce76a019bd9c87823b','2016-10-31',1,4,'Verão',2017),('NA16VS145896E5F403F0','5896e5f403f040bfbfaff8b13a36bed9','2016-10-20',1,4,'Verão',2017),('NA16VS145B06B537A077','5b06b537a0770ced57265066ffe26804','2016-11-06',1,4,'Verão',2017),('NA16VS145BB34C1CFFBC','5bb34c1cffbca4d2b3633b6a6f72c39b','2016-11-04',1,4,'Verão',2017),('NA16VS145CF52CF99BA3','5cf52cf99ba3412776f065d5cad25b6b','2016-11-11',1,4,'Verão',2017),('NA16VS145E06BE35A819','5e06be35a8193ddfba261e772de58d73','2016-10-06',1,4,'Verão',2017),('NA16VS145FED7A6D3DAF','5fed7a6d3dafc50b5aae26b2fe6b8347','2016-10-31',1,4,'Verão',2017),('NA16VS14602DEA04B289','602dea04b289b6c907da45ef0356afff','2016-10-29',1,4,'Verão',2017),('NA16VS14639BBE57E10C','639bbe57e10cb1bf01858e6a58304e65','2016-10-31',1,4,'Verão',2017),('NA16VS14687E51F03BD3','687e51f03bd38b6ab3703a39b0b5ae45','2016-10-13',1,4,'Verão',2017),('NA16VS1468F99A0E3B25','68f99a0e3b25c63ad8f9ae49b50e7bba','2016-10-23',1,4,'Verão',2017),('NA16VS14692877AE5D16','692877ae5d16cfeac811f2327367292a','2016-11-10',1,4,'Verão',2017),('NA16VS1469CEFB9472AE','69cefb9472ae3de5850b7b9c45ca6c3a','2016-11-08',1,4,'Verão',2017),('NA16VS146CA53D505EC2','6ca53d505ec24c5559c56d864b203b89','2016-09-18',1,4,'Verão',2017),('NA16VS14729DB14B8F46','729db14b8f4694c137faea3ab5ac2c59','2016-09-05',1,4,'Verão',2017),('NA16VS14730BC8388701','730bc83887010036ca385b3dc6100332','2016-11-15',1,4,'Verão',2017),('NA16VS147AB4B4FC5015','7ab4b4fc50152c139cc2db89c981e66e','2016-09-01',1,4,'Verão',2017),('NA16VS147D38BCE07C7F','7d38bce07c7f27b9621119b3285dba4c','2016-08-25',1,4,'Verão',2017),('NA16VS147DD897F7E2A7','7dd897f7e2a744d8ff6497946897c3f4','2016-10-29',1,4,'Verão',2017),('NA16VS147DED939EFE50','7ded939efe50e7a16e2c98f2ccdbc4df','2016-10-07',1,4,'Verão',2017),('NA16VS148278CC364DD3','8278cc364dd3eb43eb2596028ea30ae3','2016-10-25',1,4,'Verão',2017),('NA16VS1482952FD16271','82952fd162710492a5443ea5d1157f29','2016-09-30',1,4,'Verão',2017),('NA16VS1484499DD30A3A','84499dd30a3a011113425674eed2dc37','2016-08-23',1,4,'Verão',2017),('NA16VS148C6D9940802C','8c6d9940802c860253d873b474524db6','2016-10-24',1,4,'Verão',2017),('NA16VS148D339E4A42A3','8d339e4a42a3e28e70f3a49785a5853a','2016-09-06',1,4,'Verão',2017),('NA16VS148E6764DC2BE8','8e6764dc2be87a8917892e0f6b805d70','2016-08-31',1,4,'Verão',2017),('NA16VS148E91FE2A2871','8e91fe2a2871747027f2708cdce2a966','2016-10-20',1,4,'Verão',2017),('NA16VS14915CC9F677AA','915cc9f677aa34229a0741fb20fd3346','2016-09-11',1,4,'Verão',2017),('NA16VS1494557AFE161C','94557afe161c82c171897a2aedc340b4','2016-08-22',1,4,'Verão',2017),('NA16VS1495278880446E','95278880446e08880a8de8ddf09092e1','2016-08-28',1,4,'Verão',2017),('NA16VS149701C8E450D6','9701c8e450d611a6d126d0bf48520108','2016-11-07',1,4,'Verão',2017),('NA16VS149794409A4C11','9794409a4c11fb59c21155a671d75684','2016-10-19',1,4,'Verão',2017),('NA16VS14996E275F78C6','996e275f78c64338f806bdd06df52f89','2016-09-20',1,4,'Verão',2017),('NA16VS149A4B875A50E2','9a4b875a50e27d23ff0c5d99551b8f85','2016-09-12',1,4,'Verão',2017),('NA16VS149C56024A0F07','9c56024a0f07bb94ad7147f00927c090','2016-11-08',1,4,'Verão',2017),('NA16VS149D80B5747323','9d80b5747323f66c6d1636cbcb1bac0f','2016-10-31',1,4,'Verão',2017),('NA16VS149F8BA0125B64','9f8ba0125b646f6a15a6537b81afaff4','2016-10-26',1,4,'Verão',2017),('NA16VS14A4613772832E','a4613772832e2aaae9b9d5c762cf4289','2016-09-03',1,4,'Verão',2017),('NA16VS14A6577D65871E','a6577d65871e975c6ed76c61a5da869d','2016-11-15',1,4,'Verão',2017),('NA16VS14A9EFC81F1101','a9efc81f1101cfe9d90cb85b8226d692','2016-09-29',1,4,'Verão',2017),('NA16VS14AA723C2BAD02','aa723c2bad02c4abe39590258bf5298c','2016-11-14',1,4,'Verão',2017),('NA16VS14ADA63BEB2E99','ada63beb2e99431b743cfe8b25d90c70','2016-08-29',1,4,'Verão',2017),('NA16VS14AF411443E520','af411443e520a37fb853c319d5ed5c3d','2016-08-19',1,4,'Verão',2017),('NA16VS14AF9EE8A6040C','af9ee8a6040cb07b10662dfe0883ad0c','2016-11-09',1,4,'Verão',2017),('NA16VS14AFBB30D131CA','afbb30d131ca091997e5816e91119de8','2016-11-11',1,4,'Verão',2017),('NA16VS14AFF22EDD8039','aff22edd8039eebb9ca26b37fa6238af','2016-11-08',1,4,'Verão',2017),('NA16VS14B3535C4B604D','b3535c4b604d40088fc11e3b720a2b61','2016-11-04',1,4,'Verão',2017),('NA16VS14B426CB1F7A05','b426cb1f7a05c62c6472dc6980cb3fd0','2016-11-10',1,4,'Verão',2017),('NA16VS14B4F7B21E8E8A','b4f7b21e8e8ad7be9e32f3eb6f508808','2016-11-07',1,4,'Verão',2017),('NA16VS14B5A448838E0E','b5a448838e0e6fd9c0b2dbb5a1563833','2016-11-01',1,4,'Verão',2017),('NA16VS14BB00ED421050','bb00ed421050f26ef5eb86c6ae426e06','2016-09-14',1,4,'Verão',2017),('NA16VS14BC4FEC2CF3C6','bc4fec2cf3c61f7c73364581288feb6d','2016-11-09',1,4,'Verão',2017),('NA16VS14BDF6D60BB752','bdf6d60bb7521f45086382249bf70b9e','2016-10-24',1,4,'Verão',2017),('NA16VS14C148EE79134F','c148ee79134ffa183846ae17a00128cd','2016-10-29',1,4,'Verão',2017),('NA16VS14C1BAA824F2AA','c1baa824f2aae4c95b38519fce9cff9d','2016-10-10',1,4,'Verão',2017),('NA16VS14C3F0D5E0CE20','c3f0d5e0ce20209c7eb6bbc0e63bce82','2016-10-22',1,4,'Verão',2017),('NA16VS14C4463BC60657','c4463bc606570e39822bb709362ba71a','2016-11-07',1,4,'Verão',2017),('NA16VS14C4D5FC1638BF','c4d5fc1638bff999d2ca854e979f5584','2016-10-20',1,4,'Verão',2017),('NA16VS14C4E890AD6507','c4e890ad6507b4ed24e0963677b26d23','2016-11-09',1,4,'Verão',2017),('NA16VS14C50B73F2A334','c50b73f2a334a2988ca673be5d9c95ec','2016-10-09',1,4,'Verão',2017),('NA16VS14C7B4067544FE','c7b4067544febb52e0bc47fe569bfe0b','2016-10-25',1,4,'Verão',2017),('NA16VS14C8F9F05056C3','c8f9f05056c3be47c35a21bc62550856','2016-10-06',1,4,'Verão',2017),('NA16VS14CB3A9AC7C481','cb3a9ac7c48163bc7971e797566cbf76','2016-11-15',1,4,'Verão',2017),('NA16VS14CCB6D5A10DC9','ccb6d5a10dc91c9e9eab1efe88ed7530','2016-11-09',1,4,'Verão',2017),('NA16VS14CD28C8BA6687','cd28c8ba66879e908110a5dcf2a5c1bd','2016-10-11',1,4,'Verão',2017),('NA16VS14D1A73CE4BD35','d1a73ce4bd35489b6ab977370b4c5afc','2016-09-20',1,4,'Verão',2017),('NA16VS14D39F99B5633D','d39f99b5633d38d1a4dcf34b246a4773','2016-11-10',1,4,'Verão',2017),('NA16VS14D44CFF9DD8B6','d44cff9dd8b66311c3dd92c24814ea46','2016-10-26',1,4,'Verão',2017),('NA16VS14D4A4560DF870','d4a4560df8707e114987b5ddf65fff5b','2016-08-25',1,4,'Verão',2017),('NA16VS14D5F8E37EEF9E','d5f8e37eef9ecf518a45d8e57c5d5d6e','2016-09-30',1,4,'Verão',2017),('NA16VS14D72551086C19','d72551086c190c631cfa870dc6707972','2016-10-07',1,4,'Verão',2017),('NA16VS14DD2156E67187','dd2156e67187fcb7c5c4a3a42eb074c1','2016-11-11',1,4,'Verão',2017),('NA16VS14DD2F77A5759D','dd2f77a5759d29ae59beeef065afad7b','2016-09-30',1,4,'Verão',2017),('NA16VS14DF4803CFF8C1','df4803cff8c16f18f00887aa282c878e','2016-08-15',1,4,'Verão',2017),('NA16VS14DF9BC702E02D','df9bc702e02db85c14962d925ab68c1c','2016-11-12',1,4,'Verão',2017),('NA16VS14E12C3C399366','e12c3c3993666d6ee005a238ce3eb662','2016-09-08',1,4,'Verão',2017),('NA16VS14E2BE2E868D32','e2be2e868d322a327540ea94e006228e','2016-11-11',1,4,'Verão',2017),('NA16VS14E3CFBB395A13','e3cfbb395a130157437667c2b0e714fa','2016-09-23',1,4,'Verão',2017),('NA16VS14E5ECE6357443','e5ece63574434edff9bbb3af389fe627','2016-11-10',1,4,'Verão',2017),('NA16VS14E6E3624A9003','e6e3624a9003206b359e172d57def220','2016-08-10',1,4,'Verão',2017),('NA16VS14E82FA8D679DA','e82fa8d679da81a789c03527efd51779','2016-09-26',1,4,'Verão',2017),('NA16VS14EA976C776C50','ea976c776c50889bb0cf423297ab7733','2016-10-11',1,4,'Verão',2017),('NA16VS14ED0AB4F862C3','ed0ab4f862c324e58b35fe43db476a73','2016-11-06',1,4,'Verão',2017),('NA16VS14ED7360BC3B6A','ed7360bc3b6ab8a53bd9ff95fbc22a8d','2016-11-15',1,4,'Verão',2017),('NA16VS14EDC7CFF2F7AE','edc7cff2f7aef52cdd5c3195f8ed809f','2016-11-07',1,4,'Verão',2017),('NA16VS14F057A5E3DAF8','f057a5e3daf867d5f291a7b5c21c31bc','2016-11-09',1,4,'Verão',2017),('NA16VS14F55EA2B8EDFB','f55ea2b8edfb12720fb2220aaf31c90b','2016-11-07',1,4,'Verão',2017),('NA16VS14F64F726901C3','f64f726901c30f5e6d978899ef6d161f','2016-11-15',1,4,'Verão',2017),('NA16VS14F70ED1B57317','f70ed1b5731722c9d98aa1ce5d8263bb','2016-08-23',1,4,'Verão',2017),('NA16VS14F7D6E9D42658','f7d6e9d4265856f4009c46e3f46e41c1','2016-11-09',1,4,'Verão',2017),('NA16VS14F83C22DCBF2E','f83c22dcbf2e8a03a265711475ceb7ef','2016-11-04',1,4,'Verão',2017),('NA16VS14F84E9FD8EDD7','f84e9fd8edd731d7eee1ee8951b1a54b','2016-11-13',1,4,'Verão',2017),('NA16VS14F88166766B15','f88166766b159f358e39bc8fd686e3b0','2016-09-25',1,4,'Verão',2017),('NA16VS14F9E018610CF8','f9e018610cf8716b7a85314cfc432800','2016-11-11',1,4,'Verão',2017),('NA16VS14FA6918939F65','fa6918939f659832391fd38255a92e73','2016-11-10',1,4,'Verão',2017),('NA16VS14FAE9CE1E616F','fae9ce1e616f99a9df8181bf8743297f','2016-11-07',1,4,'Verão',2017),('NA16VS24051A3DBE0CE8','051a3dbe0ce8c603f58d948fef080fc0','2016-09-13',2,4,'Verão',2017),('NA16VS240AD4B89EEE4A','0ad4b89eee4ae59a6cbea4b50db7b06e','2016-10-09',2,4,'Verão',2017),('NA16VS241B63849EED16','1b63849eed16decfe1358ee0d13adc0e','2016-10-31',2,4,'Verão',2017),('NA16VS241CB01BE80F0D','1cb01be80f0ddc7d07472defc6e0fb90','2016-10-24',2,4,'Verão',2017),('NA16VS24203A8EFB507E','203a8efb507e4182d8777ea0f10cb031','2016-10-31',2,4,'Verão',2017),('NA16VS242583D60EE8BA','2583d60ee8ba23bb8d17a7eb0e94ef69','2016-09-17',2,4,'Verão',2017),('NA16VS2429B0ACDC29C5','29b0acdc29c5746117cc3cbfabf22f06','2016-10-06',2,4,'Verão',2017),('NA16VS242BEB0A3C0657','2beb0a3c065768f0d8139d7dc2b41765','2016-10-22',2,4,'Verão',2017),('NA16VS24314D39F4E84E','314d39f4e84e4b70bf21f1cf657d00c9','2016-10-20',2,4,'Verão',2017),('NA16VS24354EC6690DFA','354ec6690dfaf173401b75ce66786254','2016-09-08',2,4,'Verão',2017),('NA16VS24398AE97E7167','398ae97e7167198e1786ed293a517651','2016-10-31',2,4,'Verão',2017),('NA16VS2439E55BEF6D0E','39e55bef6d0e2cbc6697843b7e8e8fe4','2016-09-28',2,4,'Verão',2017),('NA16VS2441EC59746719','41ec59746719bdb719f416bc0bc12ace','2016-08-22',2,4,'Verão',2017),('NA16VS2441F28945C93E','41f28945c93ebd950ccf2c548add4173','2016-08-21',2,4,'Verão',2017),('NA16VS2447654DA201B8','47654da201b83437ca77ad3b24aad1d8','2016-09-26',2,4,'Verão',2017),('NA16VS244BA593BDD4A7','4ba593bdd4a72070b645508b3050ae51','2016-08-10',2,4,'Verão',2017),('NA16VS24528FAEE45C9A','528faee45c9a2e69e1934942191f05c4','2016-10-06',2,4,'Verão',2017),('NA16VS24586D5B0E39F8','586d5b0e39f8441863f02414452a829a','2016-09-27',2,4,'Verão',2017),('NA16VS245BB34C1CFFBC','5bb34c1cffbca4d2b3633b6a6f72c39b','2016-08-24',2,4,'Verão',2017),('NA16VS245FED7A6D3DAF','5fed7a6d3dafc50b5aae26b2fe6b8347','2016-10-31',2,4,'Verão',2017),('NA16VS24678985579604','678985579604f20db2a9fd202e77b8a1','2016-10-17',2,4,'Verão',2017),('NA16VS246BB8D68EFE9A','6bb8d68efe9a8552127d2a4b291a196c','2016-08-10',2,4,'Verão',2017),('NA16VS2470C6089021B1','70c6089021b1bd9b4990653927b4b0b0','2016-08-29',2,4,'Verão',2017),('NA16VS2471CFFEC456C7','71cffec456c700b584a9449da3a175d1','2016-10-07',2,4,'Verão',2017),('NA16VS24797927F2E624','797927f2e624e804efc16e71a94c48e0','2016-10-11',2,4,'Verão',2017),('NA16VS247AB0ACD16768','7ab0acd16768a995eb89cbbee35a0233','2016-08-17',2,4,'Verão',2017),('NA16VS247BAA8E9B8ED8','7baa8e9b8ed89173421e8b17d8d1d88b','2016-10-10',2,4,'Verão',2017),('NA16VS247D38BCE07C7F','7d38bce07c7f27b9621119b3285dba4c','2016-08-23',2,4,'Verão',2017),('NA16VS247DF93B2F047A','7df93b2f047ac24913799d6e6b269498','2016-10-31',2,4,'Verão',2017),('NA16VS248411DC2E39E9','8411dc2e39e9d63d0350a1bbb0186515','2016-08-09',2,4,'Verão',2017),('NA16VS248C6D9940802C','8c6d9940802c860253d873b474524db6','2016-10-24',2,4,'Verão',2017),('NA16VS248D0EE2ED1C29','8d0ee2ed1c29888e4ee2733af1ed60b9','2016-08-16',2,4,'Verão',2017),('NA16VS248F6BF3D88B67','8f6bf3d88b67bcf5bbc2cfd639076f10','2016-10-26',2,4,'Verão',2017),('NA16VS2490F3A473594A','90f3a473594a028204fdbdee01c2109d','2016-09-28',2,4,'Verão',2017),('NA16VS24915CC9F677AA','915cc9f677aa34229a0741fb20fd3346','2016-09-11',2,4,'Verão',2017),('NA16VS249387C1D41CC3','9387c1d41cc3fa6ff3120fdd278b7411','2016-08-16',2,4,'Verão',2017),('NA16VS249812D18ADB91','9812d18adb9164f660ed159ca8620da3','2016-09-13',2,4,'Verão',2017),('NA16VS24996E275F78C6','996e275f78c64338f806bdd06df52f89','2016-09-20',2,4,'Verão',2017),('NA16VS249D80B5747323','9d80b5747323f66c6d1636cbcb1bac0f','2016-10-31',2,4,'Verão',2017),('NA16VS249EEEA1D007D9','9eeea1d007d91512f5ab49e2ed196946','2016-10-27',2,4,'Verão',2017),('NA16VS24A2970FACF788','a2970facf788001a394188f2cd0c91f6','2016-10-24',2,4,'Verão',2017),('NA16VS24A4CFD8A449EB','a4cfd8a449ebfe3c4c60ea1744195e80','2016-09-21',2,4,'Verão',2017),('NA16VS24A862CB90DF21','a862cb90df21a983d68e3db7f1e92dce','2016-08-19',2,4,'Verão',2017),('NA16VS24BFDB95E3F453','bfdb95e3f453d46ab596009632ba0043','2016-09-30',2,4,'Verão',2017),('NA16VS24C0DED0326CC4','c0ded0326cc45e7f94b200e33e15462f','2016-08-22',2,4,'Verão',2017),('NA16VS24C8F9F05056C3','c8f9f05056c3be47c35a21bc62550856','2016-10-06',2,4,'Verão',2017),('NA16VS24D44CFF9DD8B6','d44cff9dd8b66311c3dd92c24814ea46','2016-10-26',2,4,'Verão',2017),('NA16VS24D5BAE98F5EDB','d5bae98f5edb7ef04f9db01f6c85fc0e','2016-10-11',2,4,'Verão',2017),('NA16VS24D82CFE8DEE40','d82cfe8dee409d23b012cd1f17c0ed3b','2016-08-21',2,4,'Verão',2017),('NA16VS24DD2F77A5759D','dd2f77a5759d29ae59beeef065afad7b','2016-09-30',2,4,'Verão',2017),('NA16VS24E24DD08CB1B6','e24dd08cb1b6b3a374d2ead898fe0e61','2016-08-22',2,4,'Verão',2017),('NA16VS24F01A9D54FDF6','f01a9d54fdf6e5b8a9632ad3e3fc19f9','2016-09-28',2,4,'Verão',2017),('NA16VS24F3CCB009B785','f3ccb009b785677c8e5f5f70c43d08cb','2016-10-06',2,4,'Verão',2017),('NA16VS24F54BA2D24978','f54ba2d2497856f995b5b03d64282b64','2016-10-14',2,4,'Verão',2017),('NA171S13DFB0257A9016','dfb0257a9016b5a417ced510ee4aeff0','2017-01-13',1,3,'1º semestre',2017),('NA171S231F846EACD459','1f846eacd45972f9798385eb5f5b3d47','2017-01-06',2,3,'1º semestre',2017),('NA171S233AFAB524FA36','3afab524fa36a6a0be375c48d9f79aa7','2017-01-16',2,3,'1º semestre',2017),('NA171S2386BE88E2D418','86be88e2d4183b9bd5e22d7614f3f01c','2017-01-27',2,3,'1º semestre',2017),('NA171S23C45BC98A61DD','c45bc98a61ddee56f88e8c39276f92a8','2017-01-27',2,3,'1º semestre',2017),('NA171S3380C7FBC1889F','80c7fbc1889f6434697803b40c0446e5','2017-01-19',3,3,'1º semestre',2017),('NA171S33D74E8C1363FD','d74e8c1363fd274d5e4164ecccb7810c','2017-01-18',3,3,'1º semestre',2017),('NA172S158B80968203D1','8b80968203d12fb268b2a4c85fe98163','2017-06-01',1,5,'2º semestre',2017),('NA172S15E6AB90FD2AA7','e6ab90fd2aa727560b70fbdb53e1e72b','2017-06-03',1,5,'2º semestre',2017),('NA172S23B353DB62D0D8','b353db62d0d80ff8e003c783f7251670','2017-06-08',2,3,'2º semestre',2017),('nao tenho ','83905178f3ca2c7040238f3bc8e598e2','2016-09-08',1,2,'1º semestre',2017),('QW486597','ddc51baa5f05d45886426521285ebf8f','2017-04-17',2,2,'2º semestre',2017),('r21004','a019b5ad4f2bce926b3f3134dd4bc08d','2017-04-05',2,1,'2º semestre',2017),('r21349 d201704251723','27bcc213244267996abf899479bf3f0d','2017-04-26',1,2,'2º semestre',2017),('Teste da Informática','bef7c705165b131926d6c9e912be28d3','2016-09-23',4,1,'1º semestre',2017),('UTOow238','4d9a393c4dfefb81ae9296f4ac07c328','2017-04-20',1,1,'2º semestre',2017),('v7.11.6 r21117 d2017','4611504eb00e88089bd69f4cd8997ce0','2017-04-17',1,2,'2º semestre',2017),('v7.2.25 r18269 d2016','544767c6547c137cd342428880ad3a5e','2016-10-17',4,1,'1º semestre',2017),('v7.4.3 r18497 d20161','6257e3f59d70d6e6f9f2dcc3bb2b55dc','2016-10-29',4,1,'1º semestre',2017),('xxx','4b3b41d758c262cffff6aac353547657','2016-08-26',2,2,'1º semestre',2017);
/*!40000 ALTER TABLE `inscricoes` ENABLE KEYS */;
UNLOCK TABLES;
/*!50003 SET @saved_cs_client      = @@character_set_client */ ;
/*!50003 SET @saved_cs_results     = @@character_set_results */ ;
/*!50003 SET @saved_col_connection = @@collation_connection */ ;
/*!50003 SET character_set_client  = utf8 */ ;
/*!50003 SET character_set_results = utf8 */ ;
/*!50003 SET collation_connection  = utf8_general_ci */ ;
/*!50003 SET @saved_sql_mode       = @@sql_mode */ ;
/*!50003 SET sql_mode              = 'NO_ENGINE_SUBSTITUTION' */ ;
DELIMITER ;;
/*!50003 CREATE*/ /*!50017 DEFINER=`root`@`localhost`*/ /*!50003 TRIGGER tg_verifica_nova_inscricao BEFORE INSERT ON inscricoes
FOR EACH ROW 
BEGIN
set @numinscricao = NEW.num_inscricao;
set @idaluno = NEW.id_aluno;
set @idprog = NEW.id_programa;
set @idnivel = NEW.id_nivel;
set @semestre = NEW.semestre;
set @ano = NEW.ano;

select count(*) into @confere from inscricoes where  
@idaluno = id_aluno and
@idprog = id_programa and
@idnivel = id_nivel and
@semestre = semestre and
@ano = ano;
if (@confere > 0) then
 SIGNAL SQLSTATE '45000'
                    SET MESSAGE_TEXT = 'Não é permitido ao aluno criar mais de uma inscrição para o mesmo programa, nível, semestre e ano.';

end if;
END */;;
DELIMITER ;
/*!50003 SET sql_mode              = @saved_sql_mode */ ;
/*!50003 SET character_set_client  = @saved_cs_client */ ;
/*!50003 SET character_set_results = @saved_cs_results */ ;
/*!50003 SET collation_connection  = @saved_col_connection */ ;

--
-- Table structure for table `nivel`
--

DROP TABLE IF EXISTS `nivel`;
/*!40101 SET @saved_cs_client     = @@character_set_client */;
/*!40101 SET character_set_client = utf8 */;
CREATE TABLE `nivel` (
  `id` int(11) NOT NULL AUTO_INCREMENT,
  `descricao` varchar(22) NOT NULL,
  PRIMARY KEY (`id`)
) ENGINE=InnoDB AUTO_INCREMENT=6 DEFAULT CHARSET=latin1;
/*!40101 SET character_set_client = @saved_cs_client */;

--
-- Dumping data for table `nivel`
--

LOCK TABLES `nivel` WRITE;
/*!40000 ALTER TABLE `nivel` DISABLE KEYS */;
INSERT INTO `nivel` VALUES (1,'Mestrado'),(2,'Doutorado'),(3,'PIF'),(4,'Curso de Verão'),(5,'Aperfeiçoamento');
/*!40000 ALTER TABLE `nivel` ENABLE KEYS */;
UNLOCK TABLES;

--
-- Table structure for table `periodo_inscricoes`
--

DROP TABLE IF EXISTS `periodo_inscricoes`;
/*!40101 SET @saved_cs_client     = @@character_set_client */;
/*!40101 SET character_set_client = utf8 */;
CREATE TABLE `periodo_inscricoes` (
  `id_programa` int(11) NOT NULL,
  `id_nivel` int(11) DEFAULT NULL,
  `semestre` varchar(15) DEFAULT NULL,
  `ano` year(4) NOT NULL,
  `dt_inicial` date DEFAULT NULL,
  `dt_final` date DEFAULT NULL,
  `b_num_inscricao` tinyint(1) DEFAULT '1',
  KEY `id_nivel` (`id_nivel`),
  KEY `fk_programa_pi` (`id_programa`),
  CONSTRAINT `fk_programa_pi` FOREIGN KEY (`id_programa`) REFERENCES `programa` (`id`),
  CONSTRAINT `periodo_inscricoes_ibfk_2` FOREIGN KEY (`id_nivel`) REFERENCES `nivel` (`id`)
) ENGINE=InnoDB DEFAULT CHARSET=latin1;
/*!40101 SET character_set_client = @saved_cs_client */;

--
-- Dumping data for table `periodo_inscricoes`
--

LOCK TABLES `periodo_inscricoes` WRITE;
/*!40000 ALTER TABLE `periodo_inscricoes` DISABLE KEYS */;
INSERT INTO `periodo_inscricoes` VALUES (1,1,'1º semestre',2018,'2017-06-01','2017-12-31',1),(2,1,'1º semestre',2018,'2017-06-01','2017-12-31',1),(3,1,'1º semestre',2018,'2017-06-01','2017-12-31',1),(4,1,'1º semestre',2018,'2017-06-01','2017-12-31',1),(1,2,'1º semestre',2018,'2017-06-01','2017-12-31',1),(2,2,'1º semestre',2018,'2017-06-01','2017-12-31',1),(3,2,'1º semestre',2018,'2017-06-01','2017-12-31',1),(1,3,'1º semestre',2018,'2017-06-01','2017-12-31',0),(2,3,'1º semestre',2018,'2017-06-01','2017-12-31',0),(3,3,'1º semestre',2018,'2017-06-01','2017-12-31',0),(1,4,'1º semestre',2018,'2017-06-01','2017-12-31',0),(2,4,'1º semestre',2018,'2017-06-01','2017-12-31',0),(1,5,'1º semestre',2018,'2017-06-01','2017-12-31',0);
/*!40000 ALTER TABLE `periodo_inscricoes` ENABLE KEYS */;
UNLOCK TABLES;

--
-- Table structure for table `programa`
--

DROP TABLE IF EXISTS `programa`;
/*!40101 SET @saved_cs_client     = @@character_set_client */;
/*!40101 SET character_set_client = utf8 */;
CREATE TABLE `programa` (
  `id` int(11) NOT NULL AUTO_INCREMENT,
  `nome` varchar(30) NOT NULL,
  `corrigido` varchar(50) NOT NULL,
  PRIMARY KEY (`id`)
) ENGINE=InnoDB AUTO_INCREMENT=5 DEFAULT CHARSET=latin1;
/*!40101 SET character_set_client = @saved_cs_client */;

--
-- Dumping data for table `programa`
--

LOCK TABLES `programa` WRITE;
/*!40000 ALTER TABLE `programa` DISABLE KEYS */;
INSERT INTO `programa` VALUES (1,'mat','Matemática'),(2,'mat-aplic','Matemática Aplicada'),(3,'estat','Estatística'),(4,'mest-prof','Mestrado Profissional');
/*!40000 ALTER TABLE `programa` ENABLE KEYS */;
UNLOCK TABLES;

--
-- Table structure for table `recomendantes`
--

DROP TABLE IF EXISTS `recomendantes`;
/*!40101 SET @saved_cs_client     = @@character_set_client */;
/*!40101 SET character_set_client = utf8 */;
CREATE TABLE `recomendantes` (
  `email` varchar(60) NOT NULL DEFAULT '',
  `nome` varchar(90) DEFAULT NULL,
  `instituicao` varchar(90) DEFAULT NULL,
  `departamento` varchar(90) DEFAULT NULL,
  `cargo` varchar(90) DEFAULT NULL,
  `grau` varchar(90) DEFAULT NULL,
  `ano_grau` varchar(5) DEFAULT NULL,
  `instituicao_grau` varchar(90) DEFAULT NULL,
  `area` varchar(90) DEFAULT NULL,
  `telefone` varchar(30) DEFAULT NULL,
  `endereco` varchar(100) DEFAULT NULL,
  `data` date DEFAULT NULL,
  PRIMARY KEY (`email`)
) ENGINE=InnoDB DEFAULT CHARSET=latin1;
/*!40101 SET character_set_client = @saved_cs_client */;

--
-- Dumping data for table `recomendantes`
--

LOCK TABLES `recomendantes` WRITE;
/*!40000 ALTER TABLE `recomendantes` DISABLE KEYS */;
INSERT INTO `recomendantes` VALUES ('ra000000@ime.unicamp.br','Teste da Silva e Silva','Silva Company Ltd.','Departamento dos Silva','Supersilva','Graduasilva','2010','Escola de Silvagem','Silvicultura','(18) 1234-5678','Rua do Silva, no. 3752','2017-07-19'),('rodolfo.manin@gmail.com','Daniel Zenaro','Escola de Ciências e Letras do Meio do Mato','Ciências (ou letras. Não sei ao certo)','Professor','Supletivo','2016','Instituto Universal Brasileiro ','Pescaria e manutenção de aquários','(77) 5555-5555','Rua 31 de fevereiro, 222 / Centro / Jijoca de Jericoacoara / CE','2017-07-19'),('rodolfo@ime.unicamp.br','Rodolfo Broco Manin','Instituto de Matemática, Estatística e Computação Cientifica da Unicamp','Departamento de Informática, Manutenção Predial e Prendas Domésticas','Administrador de Redes de Computadores (entre outras coisas)','Alfabetização para Adultos','2019','Aqui mesmo','Reestruturação de cabeamento estruturado','+55 (19) 3521-5996','Rua Sérgio Buarque de Holanda, 651 sala 250 - Cidade Universitária - Campinas - SP','2017-07-19');
/*!40000 ALTER TABLE `recomendantes` ENABLE KEYS */;
UNLOCK TABLES;
/*!40103 SET TIME_ZONE=@OLD_TIME_ZONE */;

/*!40101 SET SQL_MODE=@OLD_SQL_MODE */;
/*!40014 SET FOREIGN_KEY_CHECKS=@OLD_FOREIGN_KEY_CHECKS */;
/*!40014 SET UNIQUE_CHECKS=@OLD_UNIQUE_CHECKS */;
/*!40101 SET CHARACTER_SET_CLIENT=@OLD_CHARACTER_SET_CLIENT */;
/*!40101 SET CHARACTER_SET_RESULTS=@OLD_CHARACTER_SET_RESULTS */;
/*!40101 SET COLLATION_CONNECTION=@OLD_COLLATION_CONNECTION */;
/*!40111 SET SQL_NOTES=@OLD_SQL_NOTES */;

-- Dump completed on 2017-07-24 14:15:48
